Species,Lat,Lon
Acanella_weberi,18.73055,-158.25947
Acanella_sp,19.79647,-156.11627
Acanella_sp,19.79995,-156.12178
Acanella_sp,15.27,-21.8733
Acanella_sp,-23.02,-40.72
Acanella_sp,-3.5444,120.525
Acanella_sp,19.79647,-156.11627
Acanella_weberi,18.73055,-158.25947
Acanella_weberi,23.0257,-163.1612
Acanella_weberi,18.73055,-158.25947
Acanella_weberi,18.73055,-158.25947
Acanella_sp,19.79647,-156.11627
Acanella_weberi,18.73055,-158.25947
Acanella_sp,19.79647,-156.11627
Acanella_weberi,23.0288,-163.1528
Acanella_weberi,18.73055,-158.25947
Acanella_weberi,23.0257,-163.1612
Acanella_weberi,20.27627,-155.3914
Acanella_weberi,20.27627,-155.3914
Acanella_sp,19.79995,-156.12178
Acanella_weberi,23.0288,-163.1528
Acanella_weberi,18.73055,-158.25947
Acanella_weberi,20.27627,-155.3914
Acanella_weberi,18.73055,-158.25947
Acanella_weberi,18.73055,-158.25947
Acanella_weberi,20.27627,-155.3914
Acanella_sp,28.3196,-79.7604
Acanella_sp,22.725,-78.675
Acanella_weberi,23.0257,-163.1612
Acanella_weberi,18.73055,-158.25947
Acanella_weberi,18.73055,-158.25947
Acanella_sp,19.79647,-156.11627
Acanella_sp,19.79995,-156.12178
Acanella_weberi,20.27627,-155.3914
Acanella_sp,19.79995,-156.12178
Acanella_weberi,18.73055,-158.25947
Acanella_weberi,23.0257,-163.1612
Acanella_weberi,18.73055,-158.25947
Acanella_sp,19.79995,-156.12178
Acanella_sp,19.79995,-156.12178
Acanella_sp,11.2447,-91.6089
Acanella_sp,19.79995,-156.12178
Acanella_weberi,25.5742,-173.5061
Acanella_sp,5.5767,-87.0708
Acanella_weberi,25.6625,-171.3742
Acanella_weberi,25.88349,-167.77971
Acanella_weberi,18.73055,-158.25947
Acanella_weberi,25.50998,-173.5223
Acanella_weberi,25.88352,-167.77966
Acanella_weberi,25.8873,-167.78096
Acanella_weberi,25.88348,-167.77971
Acanella_weberi,25.88363,-167.77963
Acanella_weberi,25.88347,-167.7797
Acanella_weberi,25.88421,-167.77966
Acanella_weberi,23.0257,-163.1612
Acanella_sp,19.79647,-156.11627
Acanella_weberi,18.73055,-158.25947
Acanella_weberi,25.88364,-167.7795
Acanella_weberi,25.88376,-167.77975
Acanella_weberi,25.88405,-167.77972
Acanella_weberi,25.88406,-167.77971
Acanella_sp,15.02977,145.22307
Acanella_weberi,18.73055,-158.25947
Acanella_weberi,25.88414,-167.7796
Acanella_weberi,25.88418,-167.77956
Acanella_weberi,25.88458,-167.77988
Acanella_weberi,25.88443,-167.7797
Acanella_weberi,25.88444,-167.77986
Acanella_sp,15.03076,145.22316
Acanella_weberi,27.14058,-176.23056
Acanella_weberi,25.88445,-167.78001
Acanella_weberi,25.88455,-167.78001
Acanella_weberi,25.88467,-167.7802
Acanella_weberi,25.8846,-167.78009
Acanella_sp,19.79647,-156.11627
Acanella_weberi,25.88731,-167.78116
Acanella_weberi,18.73055,-158.25947
Acanella_weberi,18.73055,-158.25947
Acanella_weberi,18.73055,-158.25947
Acanella_weberi,25.88465,-167.7802
Acanella_weberi,25.88483,-167.78015
Acanella_sp,27.14065,-176.23027
Acanella_weberi,25.88483,-167.78021
Acanella_sp,12.8562,144.30605
Acanella_sp,22.725,-78.675
Acanella_weberi,25.50932,-173.52208
Acanella_sp,19.79647,-156.11627
Acanella_weberi,18.7201,-158.259
Acanella_sp,12.85613,144.30608
Acanella_weberi,25.88477,-167.78052
Acanella_weberi,25.88487,-167.78044
Acanella_weberi,25.88489,-167.78047
Acanella_sp,12.85608,144.30609
Acanella_sp,19.79647,-156.11627
Acanella_weberi,18.7201,-158.259
Acanella_weberi,25.88483,-167.78046
Acanella_weberi,18.73055,-158.25947
Acanella_sp,12.85608,144.30614
Acanella_weberi,18.7201,-158.259
Acanella_weberi,25.88485,-167.78044
Acanella_weberi,25.88526,-167.78064
Acanella_sp,12.85671,144.30606
Acanella_sp,19.79647,-156.11627
Acanella_weberi,25.50935,-173.522
Acanella_sp,12.85603,144.30614
Acanella_weberi,25.885,-167.78061
Acanella_weberi,25.88485,-167.7805
Acanella_weberi,25.50957,-173.52222
Acanella_weberi,18.7201,-158.259
Acanella_weberi,18.73055,-158.25947
Acanella_weberi,25.88508,-167.78056
Acanella_weberi,25.88506,-167.78056
Acanella_sp,19.79647,-156.11627
Acanella_weberi,25.88561,-167.78052
Acanella_weberi,18.7201,-158.259
Acanella_weberi,25.88527,-167.78072
Acanella_weberi,18.7201,-158.259
Acanella_sp,19.79647,-156.11627
Acanella_weberi,25.88528,-167.78067
Acanella_weberi,18.73055,-158.25947
Acanella_weberi,25.50957,-173.52222
Acanella_weberi,25.88534,-167.78058
Acanella_sp,12.85603,144.30626
Acanella_weberi,18.73055,-158.25947
Acanella_weberi,25.50955,-173.52216
Acanella_weberi,18.729,-158.2571
Acanella_weberi,25.88536,-167.78064
Acanella_weberi,25.88563,-167.78058
Acanella_weberi,25.50954,-173.52223
Acanella_sp,15.79479,146.01276
Acanella_weberi,25.88563,-167.78058
Acanella_sp,12.85596,144.30617
Acanella_weberi,25.88557,-167.78061
Acanella_weberi,25.88567,-167.78043
Acanella_sp,12.85592,144.30615
Acanella_weberi,25.88578,-167.78046
Acanella_sp,15.79442,146.0131
Acanella_weberi,18.7201,-158.259
Acanella_sp,12.85583,144.30615
Acanella_sp,15.79725,146.01152
Acanella_weberi,25.88617,-167.78043
Acanella_sp,27.14072,-176.22992
Acanella_weberi,25.8859,-167.78067
Acanella_weberi,25.88581,-167.78052
Acanella_sp,15.79717,146.01158
Acanella_weberi,25.50981,-173.5223
Acanella_sp,15.79482,146.01279
Acanella_weberi,18.7201,-158.259
Acanella_sp,39.3,-71.93333
Acanella_sp,15.795,146.01259
Acanella_sp,15.79509,146.01244
Acanella_weberi,25.88614,-167.78049
Acanella_sp,15.79518,146.0123
Acanella_sp,15.79714,146.01155
Acanella_sp,15.79626,146.0119
Acanella_sp,15.79629,146.01195
Acanella_sp,15.79656,146.01207
Acanella_sp,15.79676,146.01175
Acanella_weberi,18.729,-158.2571
Acanella_sp,12.85583,144.30618
Acanella_weberi,25.88622,-167.7805
Acanella_sp,15.79742,146.01146
Acanella_sp,12.85576,144.30617
Acanella_sp,15.79731,146.01143
Acanella_weberi,25.88626,-167.78055
Acanella_sp,15.79735,146.01143
Acanella_weberi,25.88646,-167.78023
Acanella_weberi,25.88625,-167.78049
Acanella_sp,12.85568,144.30617
Acanella_sp,15.7977,146.01122
Acanella_sp,27.14091,-176.22986
Acanella_sp,12.85562,144.30614
Acanella_weberi,25.88632,-167.78029
Acanella_weberi,25.8863,-167.78035
Acanella_weberi,25.88629,-167.7803
Acanella_sp,20.0515,145.23088
Acanella_weberi,20.44548,163.71939
Acanella_weberi,20.44548,163.71956
Acanella_sp,20.0514,145.23091
Acanella_sp,20.05144,145.23096
Acanella_sp,20.05142,145.231
Acanella_weberi,25.8867,-167.78029
Acanella_weberi,20.44546,163.71954
Acanella_sp,27.14076,-176.2298
Acanella_sp,20.05142,145.23102
Acanella_weberi,25.88652,-167.7803
Acanella_sp,12.85546,144.30624
Acanella_weberi,25.5099,-173.52231
Acanella_weberi,18.64333,-158.31667
Acanella_weberi,20.44551,163.71968
Acanella_sp,20.05134,145.23112
Acanella_weberi,18.729,-158.2571
Acanella_sp,21.41088,144.14664
Acanella_weberi,20.44547,163.71953
Acanella_weberi,16.54009,-168.20982
Acanella_weberi,25.88671,-167.78029
Acanella_sp,12.85529,144.30627
Acanella_weberi,25.51,-173.5223
Acanella_weberi,18.729,-158.2571
Acanella_weberi,25.88729,-167.78117
Acanella_sp,12.85523,144.30627
Acanella_weberi,18.729,-158.2571
Acanella_weberi,25.88709,-167.78029
Acanella_weberi,18.75333,-158.235
Acanella_weberi,18.71957,-158.25902
Acanella_weberi,18.71957,-158.25902
Acanella_weberi,25.88739,-167.78043
Acanella_weberi,25.88745,-167.7804
Acanella_weberi,25.8874,-167.78036
Acanella_weberi,18.729,-158.2571
Acanella_weberi,25.88738,-167.78038
Acanella_weberi,25.8874,-167.78035
Acanella_weberi,20.5,-156
Acanella_weberi,18.729,-158.2571
Acanella_weberi,25.88747,-167.78035
Acanella_sp,-0.39302,-159.96524
Acanella_sp,28.4569,-79.62665
Acanella_sp,-0.3929,-159.96529
Acanella_sp,12.85629,144.30614
Acanella_sp,-0.3929,-159.96535
Acanella_weberi,18.7201,-158.259
Acanella_sp,28.46349,-79.62769
Acanella_weberi,25.50993,-173.52232
Acanella_sp,28.46381,-79.62707
Acanella_weberi,23.0257,-163.1612
Acanella_sp,27.14031,-176.23196
Acanella_weberi,18.71957,-158.25902
Acanella_sp,28.46099,-79.6277
Acanella_sp,28.46398,-79.62633
Acanella_weberi,18.729,-158.2571
Acanella_sp,28.46364,-79.62713
Acanella_weberi,25.50995,-173.52217
Acanella_sp,28.46099,-79.6277
Acanella_sp,28.4569,-79.62665
Acanella_weberi,23.0288,-163.1528
Acanella_sp,28.46099,-79.6277
Acanella_sp,28.45513,-79.62708
Acanella_sp,28.45513,-79.62708
Acanella_weberi,25.51013,-173.52202
Acanella_weberi,23.0257,-163.1612
Acanella_sp,28.46351,-79.6273
Acanella_weberi,23.0288,-163.1528
Acanella_sp,21.33847,-157.58275
Acanella_sp,28.46387,-79.62645
Acanella_weberi,25.5101,-173.52208
Acanella_weberi,25.51011,-173.522
Acanella_weberi,18.729,-158.2571
Acanella_sp,28.4637,-79.62651
Acanella_weberi,16.54128,-168.21098
Acanella_weberi,18.729,-158.2571
Acanella_sp,28.46211,-79.62706
Acanella_sp,28.46366,-79.62663
Acanella_weberi,18.729,-158.2571
Acanella_sp,27.14132,-176.22935
Acanella_sp,28.46322,-79.62768
Acanella_sp,28.46312,-79.62752
Acanella_weberi,25.51033,-173.52196
Acanella_sp,28.46312,-79.62752
Acanella_sp,28.46306,-79.6278
Acanella_sp,28.46373,-79.62661
Acanella_weberi,16.54109,-168.21124
Acanella_sp,28.46106,-79.62749
Acanella_sp,12.73229,144.26845
Acanella_sp,28.46306,-79.6278
Acanella_sp,28.46336,-79.62788
Acanella_sp,28.46306,-79.6278
Acanella_weberi,16.54133,-168.21281
Acanella_sp,12.85824,144.30556
Acanella_weberi,25.51052,-173.52197
Acanella_sp,28.4632,-79.62822
Acanella_weberi,16.54125,-168.21176
Acanella_sp,25.51055,-173.52196
Acanella_weberi,16.54128,-168.21172
Acanella_weberi,25.51053,-173.522
Acanella_weberi,25.51053,-173.52194
Acanella_weberi,27.85343,-175.16293
Acanella_weberi,27.85346,-175.16304
Acanella_weberi,27.85346,-175.16304
Acanella_sp,12.85822,144.30562
Acanella_weberi,16.54123,-168.21179
Acanella_weberi,27.85348,-175.16313
Acanella_sp,12.85785,144.30582
Acanella_weberi,25.51056,-173.52196
Acanella_weberi,27.85347,-175.16316
Acanella_sp,12.85698,144.30609
Acanella_weberi,25.51064,-173.5219
Acanella_sp,28.24897,-86.41087
Acanella_weberi,19.80422,148.44861
Acanella_weberi,16.54149,-168.21173
Acanella_sp,12.85687,144.30606
Acanella_sp,26.25067,-91.2025
Acanella_weberi,25.51064,-173.5219
Acanella_sp,12.85783,144.30585
Acanella_sp,27.14134,-176.22926
Acanella_sp,27.14135,-176.22926
Acanella_sp,27.14135,-176.22926
Acanella_sp,12.73254,144.26884
Acanella_sp,16.54146,-168.21185
Acanella_sp,12.73253,144.26894
Acanella_weberi,16.54129,-168.21208
Acanella_sp,12.73246,144.2691
Acanella_sp,12.85777,144.30592
Acanella_sp,25.50787,-173.52202
Acanella_weberi,19.8044,148.44885
Acanella_sp,33.7589,-62.5978
Acanella_sp,33.7694,-62.5647
Acanella_weberi,15.89531,148.88655
Acanella_weberi,15.89642,148.8865
Acanella_weberi,16.54141,-168.21211
Acanella_weberi,16.54129,-168.21275
Acanella_weberi,16.54134,-168.21222
Acanella_weberi,15.89641,148.8866
Acanella_weberi,25.08315,-172.49197
Acanella_sp,27.13174,-175.57103
Acanella_weberi,15.89633,148.88681
Acanella_weberi,15.89624,148.8868
Acanella_sp,27.14034,-176.23161
Acanella_weberi,16.54134,-168.21239
Acanella_sp,6.43462,-162.45311
Acanella_sp,27.13138,-175.5709
Acanella_sp,-0.37627,-160.02144
Acanella_sp,27.85386,-175.16486
Acanella_sp,12.73249,144.2702
Acanella_weberi,25.08326,-172.49219
Acanella_weberi,16.5413,-168.21254
Acanella_sp,-0.37579,-160.02145
Acanella_weberi,15.89603,148.8866
Acanella_sp,12.8574,144.30591
Acanella_sp,27.12992,-175.57101
Acanella_sp,12.73254,144.27046
Acanella_sp,-0.3794,-160.02225
Acanella_weberi,15.89565,148.88663
Acanella_sp,-0.37591,-160.02109
Acanella_sp,-0.37573,-160.02143
Acanella_weberi,27.85386,-175.16533
Acanella_sp,27.85408,-175.16545
Acanella_sp,-0.37937,-160.02212
Acanella_sp,-0.37609,-160.02077
Acanella_weberi,25.08754,-172.49013
Acanella_sp,-0.37601,-160.02088
Acanella_sp,27.85412,-175.16594
Acanella_sp,-0.37647,-160.02105
Acanella_sp,-0.37687,-160.02111
Acanella_sp,12.7324,144.2712
Acanella_sp,-0.37646,-160.02115
Acanella_weberi,25.08754,-172.49013
Acanella_sp,-0.37578,-160.02108
Acanella_sp,-0.37604,-160.02086
Acanella_sp,12.73239,144.27129
Acanella_sp,27.1289,-175.5711
Acanella_sp,-0.376,-160.02079
Acanella_weberi,16.54131,-168.21278
Acanella_sp,-0.3761,-160.02143
Acanella_sp,-0.37641,-160.02101
Acanella_sp,-0.37607,-160.02135
Acanella_sp,-0.37625,-160.02105
Acanella_sp,-0.37603,-160.02083
Acanella_weberi,16.5413,-168.21274
Acanella_sp,-0.37621,-160.02135
Acanella_weberi,16.54126,-168.21281
Acanella_sp,-0.37609,-160.02093
Acanella_sp,-0.37624,-160.02089
Acanella_sp,-0.37644,-160.02136
Acanella_sp,-0.37928,-160.02202
Acanella_sp,-0.37792,-160.02099
Acanella_sp,15.89506,148.88615
Acanella_weberi,18.72323,-158.26078
Acanella_sp,-0.37739,-160.02115
Acanella_sp,5.90687,-162.13856
Acanella_sp,27.6167,-95.175
Acanella_sp,25.64,-96.305
Acanella_sp,15.8951,148.88614
Acanella_weberi,18.72323,-158.26078
Acanella_weberi,16.54138,-168.21295
Acanella_sp,26.1333,-92.7317
Acanella_weberi,25.08752,-172.49063
Acanella_sp,-0.37772,-160.02108
Acanella_sp,23.1667,-86.8
Acanella_weberi,15.89512,148.88612
Acanella_sp,27.05,-93.3833
Acanella_sp,-0.37798,-160.02103
Acanella_sp,26.4167,-94.7917
Acanella_sp,-0.38205,-160.02205
Acanella_sp,29.175,-87.2667
Acanella_sp,15.89501,148.88617
Acanella_weberi,16.54137,-168.21306
Acanella_sp,-0.3821,-160.02202
Acanella_sp,29.1583,-87.0333
Acanella_sp,26.93,-92.965
Acanella_sp,-0.37844,-160.02102
Acanella_sp,28.225,-87.0667
Acanella_sp,27.5,-95.5
Acanella_sp,-0.37818,-160.02098
Acanella_sp,23.29,-97.04
Acanella_sp,-0.38166,-160.02175
Acanella_sp,-0.37925,-160.0219
Acanella_weberi,18.72323,-158.26078
Acanella_weberi,25.08754,-172.49011
Acanella_sp,-0.37907,-160.02106
Acanella_sp,33.98779,-121.09775
Acanella_sp,32.63533,-121.48385
Acanella_sp,-0.37856,-160.02104
Acanella_sp,32.6354,-121.48396
Acanella_weberi,15.89517,148.88599
Acanella_sp,37.36681,-123.39359
Acanella_sp,-0.37907,-160.02106
Acanella_sp,32.63533,-121.48385
Acanella_weberi,16.54143,-168.21304
Acanella_sp,35.73375,-122.71404
Acanella_sp,-0.37861,-160.02109
Acanella_sp,32.6354,-121.48396
Acanella_weberi,25.0846,-172.49187
Acanella_sp,32.63539,-121.48395
Acanella_sp,-0.37881,-160.02109
Acanella_sp,32.63535,-121.4846
Acanella_sp,32.63535,-121.4846
Acanella_sp,-0.37907,-160.02106
Acanella_sp,32.6354,-121.48396
Acanella_weberi,16.5413,-168.21307
Acanella_sp,32.63539,-121.48395
Acanella_sp,-0.37628,-160.02027
Acanella_sp,32.6354,-121.48396
Acanella_sp,33.98779,-121.09776
Acanella_sp,-0.37766,-160.02103
Acanella_sp,32.63545,-121.48398
Acanella_sp,32.63543,-121.48397
Acanella_sp,-0.37925,-160.0219
Acanella_sp,32.63542,-121.48397
Acanella_weberi,25.08697,-172.49042
Acanella_sp,32.63542,-121.48397
Acanella_sp,-0.37615,-160.02052
Acanella_sp,32.63545,-121.48398
Acanella_sp,32.63543,-121.48398
Acanella_sp,16.54134,-168.2131
Acanella_sp,-0.37925,-160.0219
Acanella_sp,32.63544,-121.48398
Acanella_weberi,18.8575,-155.24083
Acanella_sp,16.5414,-168.21344
Acanella_sp,33.98775,-121.0983
Acanella_sp,-0.37618,-160.02044
Acanella_sp,32.63559,-121.48401
Acanella_sp,32.63546,-121.48398
Acanella_weberi,25.08754,-172.49023
Acanella_sp,-0.38165,-160.02195
Acanella_sp,32.63546,-121.48398
Acanella_weberi,16.54134,-168.2131
Acanella_sp,32.63587,-121.48488
Acanella_sp,-0.37978,-160.02238
Acanella_sp,32.63559,-121.48401
Acanella_weberi,18.8575,-155.24083
Acanella_sp,32.6356,-121.48401
Acanella_sp,-0.38171,-160.022
Acanella_sp,35.73374,-122.71418
Acanella_weberi,16.54121,-168.21326
Acanella_sp,37.38853,-123.42304
Acanella_weberi,16.54137,-168.21307
Acanella_sp,-0.38133,-160.02244
Acanella_sp,33.98808,-121.09677
Acanella_sp,33.98806,-121.09694
Acanella_sp,-0.37973,-160.02244
Acanella_sp,33.98782,-121.0986
Acanella_sp,33.98803,-121.09727
Acanella_sp,-0.37962,-160.02232
Acanella_sp,33.98808,-121.09677
Acanella_sp,33.98807,-121.09687
Acanella_weberi,16.54117,-168.21384
Acanella_sp,-0.38005,-160.0224
Acanella_sp,33.98808,-121.09677
Acanella_sp,37.38778,-123.42319
Acanella_sp,-0.38018,-160.0224
Acanella_sp,33.98813,-121.09655
Acanella_weberi,15.89466,148.88554
Acanella_sp,33.98809,-121.09669
Acanella_sp,-0.38061,-160.02265
Acanella_sp,33.98813,-121.09655
Acanella_weberi,15.89461,148.88538
Acanella_sp,45.57755,-130.03364
Acanella_sp,-0.3817,-160.02142
Acanella_sp,33.98814,-121.09662
Acanella_sp,33.98832,-121.09609
Acanella_sp,-0.38081,-160.02276
Acanella_sp,35.73371,-122.71599
Acanella_sp,35.72867,-122.71376
Acanella_weberi,18.72323,-158.26078
Acanella_sp,-0.38172,-160.0225
Acanella_sp,37.38918,-123.42303
Acanella_sp,37.38853,-123.42304
Acanella_sp,-0.38103,-160.02267
Acanella_sp,37.38854,-123.42305
Acanella_sp,35.72727,-122.71441
Acanella_weberi,16.54123,-168.21368
Acanella_sp,-0.3811,-160.02269
Acanella_sp,37.38918,-123.42303
Acanella_sp,37.38979,-123.42288
Acanella_sp,35.7337,-122.71555
Acanella_weberi,15.89387,148.88513
Acanella_sp,35.73368,-122.7167
Acanella_sp,-0.37914,-160.02148
Acanella_sp,35.73362,-122.71766
Acanella_sp,16.54124,-168.2137
Acanella_sp,35.73367,-122.71652
Acanella_weberi,18.72323,-158.26078
Acanella_sp,-0.37966,-160.02216
Acanella_sp,35.73368,-122.7159
Acanella_sp,35.73368,-122.71669
Acanella_sp,-0.37935,-160.02198
Acanella_sp,35.73368,-122.71636
Acanella_weberi,16.5412,-168.21367
Acanella_sp,37.3656,-123.39366
Acanella_sp,16.54117,-168.21384
Acanella_sp,-0.37923,-160.02152
Acanella_sp,35.77187,-122.67289
Acanella_sp,35.7394,-122.7184
Acanella_sp,-0.37931,-160.02176
Acanella_sp,35.73381,-122.71427
Acanella_weberi,16.54128,-168.21364
Acanella_sp,35.73379,-122.71424
Acanella_sp,-0.37899,-160.02128
Acanella_sp,35.73377,-122.71547
Acanella_sp,35.73378,-122.71424
Acanella_sp,35.73381,-122.71425
Acanella_sp,35.73381,-122.71429
Acanella_weberi,25.08765,-172.48993
Acanella_sp,-0.38168,-160.02276
Acanella_sp,35.73381,-122.71429
Acanella_sp,35.7394,-122.7184
Acanella_sp,-0.37679,-160.0211
Acanella_sp,35.73383,-122.71446
Acanella_sp,35.73381,-122.71427
Acanella_sp,-0.37932,-160.02199
Acanella_sp,35.73382,-122.71424
Acanella_sp,35.73939,-122.71838
Acanella_weberi,16.54126,-168.21364
Acanella_sp,-0.37989,-160.02269
Acanella_sp,35.73527,-122.71862
Acanella_sp,35.73683,-122.71909
Acanella_sp,-0.37965,-160.02264
Acanella_sp,35.63212,-122.82682
Acanella_sp,35.73943,-122.71835
Acanella_weberi,16.54122,-168.2137
Acanella_sp,-0.37955,-160.02259
Acanella_sp,35.73943,-122.71837
Acanella_sp,35.7394,-122.71837
Acanella_sp,-0.37928,-160.02251
Acanella_sp,35.73941,-122.71838
Acanella_sp,12.85621,144.30612
Acanella_sp,35.73943,-122.71835
Acanella_sp,-0.37921,-160.02237
Acanella_sp,35.73943,-122.71837
Acanella_weberi,15.894,148.88518
Acanella_sp,16.54099,-168.2143
Acanella_sp,35.73943,-122.71836
Acanella_sp,16.54102,-168.2141
Acanella_sp,-0.37931,-160.02232
Acanella_sp,35.73279,-122.73764
Acanella_weberi,15.89392,148.88512
Acanella_sp,35.82656,-122.61037
Acanella_weberi,25.08761,-172.49042
Acanella_sp,-0.37921,-160.02207
Acanella_sp,35.73498,-122.70907
Acanella_sp,37.37279,-123.40336
Acanella_sp,35.73527,-122.70881
Acanella_sp,37.37285,-123.40329
Acanella_weberi,25.5085,-173.52222
Acanella_sp,-0.37917,-160.02202
Acanella_sp,35.82748,-122.61201
Acanella_sp,35.82683,-122.60964
Acanella_weberi,16.54103,-168.21408
Acanella_sp,35.82744,-122.61195
Acanella_sp,37.35807,-123.39429
Acanella_sp,12.73244,144.27301
Acanella_sp,45.3273,-130.38588
Acanella_sp,35.76934,-122.67856
Acanella_weberi,25.08628,-172.4911
Acanella_sp,35.77938,-122.66479
Acanella_sp,35.77188,-122.67286
Acanella_sp,35.77443,-122.66885
Acanella_sp,35.76919,-122.67908
Acanella_sp,35.77989,-122.66453
Acanella_weberi,15.8938,148.88507
Acanella_sp,35.78152,-122.66388
Acanella_sp,45.32729,-130.38587
Acanella_sp,35.76936,-122.67854
Acanella_sp,35.76935,-122.67856
Acanella_sp,35.76935,-122.67856
Acanella_sp,35.7696,-122.67704
Acanella_sp,35.76936,-122.67853
Acanella_sp,35.76939,-122.67841
Acanella_sp,37.35746,-123.39461
Acanella_sp,37.35609,-123.39466
Acanella_sp,45.66376,-130.83808
Acanella_weberi,16.54099,-168.21431
Acanella_sp,45.66376,-130.83808
Acanella_sp,45.66376,-130.83808
Acanella_sp,24.19328,-82.99628
Acanella_sp,45.41199,-130.44854
Acanella_sp,45.66376,-130.83808
Acanella_sp,45.66376,-130.83808
Acanella_sp,37.35744,-123.39449
Acanella_sp,37.3566,-123.39437
Acanella_sp,37.35611,-123.39468
Acanella_weberi,25.08763,-172.49016
Acanella_sp,37.35627,-123.39486
Acanella_sp,37.35722,-123.39449
Acanella_sp,37.35681,-123.39435
Acanella_sp,37.35719,-123.39449
Acanella_sp,37.36958,-123.39225
Acanella_sp,37.36827,-123.39322
Acanella_sp,37.36698,-123.39284
Acanella_sp,37.36691,-123.39354
Acanella_sp,37.36696,-123.39285
Acanella_weberi,15.89326,148.8847
Acanella_sp,37.36788,-123.3934
Acanella_weberi,25.08637,-172.49107
Acanella_sp,37.36703,-123.39346
Acanella_sp,37.36766,-123.39342
Acanella_sp,37.36888,-123.39269
Acanella_sp,37.3685,-123.39318
Acanella_sp,37.36829,-123.39322
Acanella_sp,37.36848,-123.39326
Acanella_sp,37.36885,-123.39296
Acanella_sp,37.36852,-123.39318
Acanella_sp,37.36855,-123.39337
Acanella_sp,35.74365,-122.71194
Acanella_weberi,16.54109,-168.21426
Acanella_sp,37.36979,-123.39298
Acanella_sp,37.3697,-123.39473
Acanella_sp,37.36974,-123.39341
Acanella_sp,35.74343,-122.71211
Acanella_weberi,16.54089,-168.2143
Acanella_sp,37.36996,-123.39678
Acanella_sp,35.74342,-122.71212
Acanella_sp,36.84417,-125.61575
Acanella_weberi,15.8932,148.88463
Acanella_sp,35.74544,-122.71062
Acanella_sp,35.74371,-122.71192
Acanella_sp,35.74401,-122.71174
Acanella_sp,36.842,-125.61481
Acanella_weberi,15.89323,148.88461
Acanella_sp,36.85029,-125.58686
Acanella_sp,36.83928,-125.60754
Acanella_sp,32.63527,-121.48451
Acanella_sp,32.63524,-121.48445
Acanella_sp,33.13296,-120.90291
Acanella_weberi,16.54099,-168.21426
Acanella_sp,36.5549,-122.28793
Acanella_weberi,15.89318,148.88466
Acanella_sp,33.13296,-120.90291
Acanella_weberi,25.08763,-172.49016
Acanella_sp,36.55489,-122.28783
Acanella_sp,33.13293,-120.90302
Acanella_sp,36.56904,-122.29388
Acanella_sp,36.5549,-122.28783
Acanella_sp,36.5549,-122.28784
Acanella_sp,33.13199,-120.90583
Acanella_sp,33.1585,-120.87031
Acanella_weberi,18.72323,-158.26078
Acanella_sp,33.15852,-120.87029
Acanella_weberi,16.5408,-168.21469
Acanella_weberi,25.08754,-172.49023
Acanella_weberi,16.54083,-168.2146
Acanella_weberi,15.89298,148.88455
Acanella_weberi,16.54079,-168.21472
Acanella_weberi,15.89216,148.88351
Acanella_weberi,15.89262,148.88412
Acanella_weberi,15.89282,148.88449
Acanella_sp,12.85672,144.30608
Acanella_sp,12.85708,144.30603
Acanella_sp,15.89276,148.88438
Acanella_sp,12.85709,144.30598
Acanella_sp,12.85837,144.30551
Acanella_sp,12.8568,144.30603
Acanella_sp,12.85695,144.3061
Acanella_sp,12.85689,144.30609
Acanella_weberi,15.89262,148.88423
Acanella_sp,12.85736,144.3059
Acanella_sp,16.90151,145.89807
Acanella_sp,16.90199,145.89838
Acanella_weberi,15.89258,148.88414
Acanella_sp,16.90123,145.8979
Acanella_sp,16.90175,145.89821
Acanella_sp,16.90118,145.89787
Acanella_weberi,15.8924,148.88391
Acanella_weberi,15.89243,148.8839
Acanella_sp,16.90114,145.89786
Acanella_sp,15.89212,148.88348
Acanella_sp,16.9011,145.89783
Acanella_sp,16.90204,145.89845
Acanella_sp,15.89206,148.88347
Acanella_weberi,15.89207,148.88338
Acanella_sp,16.90095,145.8978
Acanella_sp,16.90173,145.89804
Acanella_weberi,15.89166,148.88322
Acanella_sp,16.90167,145.89806
Acanella_sp,16.90198,145.89842
Acanella_weberi,15.89171,148.88338
Acanella_sp,16.90083,145.89775
Acanella_sp,12.73233,144.27477
Acanella_sp,12.73232,144.27472
Acanella_sp,12.73226,144.27513
Acanella_sp,12.7323,144.2748
Acanella_sp,16.90073,145.89774
Acanella_weberi,15.89119,148.88313
Acanella_sp,16.90069,145.89772
Acanella_sp,12.73224,144.2749
Acanella_sp,12.73222,144.27487
Acanella_sp,12.73225,144.2751
Acanella_sp,12.73222,144.2749
Acanella_sp,16.90064,145.8977
Acanella_weberi,15.8911,148.88272
Acanella_sp,12.73229,144.275
Acanella_sp,16.90192,145.8983
Acanella_sp,16.90059,145.8977
Acanella_sp,12.73224,144.27524
Acanella_sp,12.73218,144.27539
Acanella_sp,12.73219,144.27533
Acanella_sp,15.00445,148.51787
Acanella_sp,16.90187,145.89828
Acanella_sp,16.90025,145.89757
Acanella_sp,16.90021,145.8976
Acanella_sp,16.90204,145.89844
Acanella_sp,16.90217,145.89853
Acanella_sp,21.30417,-157.54583
Acanella_sp,16.90159,145.898
Acanella_sp,16.90159,145.898
Acanella_sp,16.90213,145.89851
Acanella_sp,16.90147,145.89796
Acanella_sp,21.30417,-157.54583
Acanella_sp,16.90134,145.89796
Acanella_sp,16.90185,145.89822
Acanella_sp,16.90203,145.89835
Acanella_sp,16.9022,145.89859
Acanella_sp,16.90188,145.89836
Acanella_sp,16.902,145.89838
Acanella_sp,16.90141,145.89796
Acanella_sp,16.90145,145.89798
Acanella_sp,16.90276,145.89911
Acanella_sp,16.90192,145.8983
Acanella_sp,16.90275,145.89914
Acanella_sp,16.90191,145.89825
Acanella_sp,16.90263,145.89908
Acanella_sp,16.90174,145.89815
Acanella_sp,16.9025,145.89876
Acanella_sp,16.90195,145.89839
Acanella_sp,16.90216,145.8985
Acanella_sp,16.90247,145.89897
Acanella_sp,16.90254,145.89905
Acanella_sp,16.90245,145.89893
Acanella_sp,16.90245,145.89886
Acanella_sp,16.90245,145.89877
Acanella_sp,16.90148,145.89804
Acanella_sp,16.90208,145.89847
Acanella_sp,16.90143,145.89796
Acanella_sp,16.90239,145.89867
Acanella_sp,16.90244,145.8987
Acanella_sp,16.90227,145.89864
Acanella_sp,16.9023,145.89864
Acanella_sp,16.90233,145.89868
Acanella_sp,16.90141,145.89798
Acanella_sp,16.90218,145.89859
Acanella_sp,16.90208,145.89847
Acanella_sp,16.9019,145.89847
Acanella_sp,16.9022,145.89862
Acanella_sp,19.80338,-156.13413
Acanella_sp,19.80848,-156.12725
Acanella_sp,19.80338,-156.13413
Acanella_sp,28.04139,-79.61501
Acanella_sp,28.0416,-79.61507
Acanella_sp,19.80848,-156.12725
Acanella_sp,19.80338,-156.13413
Acanella_sp,19.80338,-156.13413
Acanella_sp,19.80338,-156.13413
Acanella_sp,19.80848,-156.12725
Acanella_sp,28.04139,-79.61506
Acanella_sp,19.80848,-156.12725
Acanella_sp,19.80848,-156.12725
Acanella_sp,19.80848,-156.12725
Acanella_sp,19.80338,-156.13413
Acanella_sp,28.0414,-79.61512
Acanella_sp,19.79678,-156.12977
Acanella_sp,19.79678,-156.12977
Acanella_sp,19.79678,-156.12977
Acanella_sp,28.04139,-79.61517
Acanella_sp,19.79678,-156.12977
Acanella_sp,28.04139,-79.61508
Acanella_sp,19.79678,-156.12977
Acanella_sp,19.79678,-156.12977
Acanella_sp,19.80848,-156.12725
Acanella_sp,28.04049,-79.61429
Acanella_sp,19.79678,-156.12977
Acanella_sp,19.80848,-156.12725
Acanella_sp,19.79678,-156.12977
Acanella_sp,19.79678,-156.12977
Acanella_sp,19.80848,-156.12725
Acanella_sp,19.80848,-156.12725
Acanella_sp,19.80848,-156.12725
Acanella_sp,19.80848,-156.12725
Acanella_sp,19.80338,-156.13413
Acanella_sp,25.86422,-173.47608
Acanella_sp,19.80848,-156.12725
Acanella_sp,19.80338,-156.13413
Acanella_sp,19.80338,-156.13413
Acanella_sp,19.80848,-156.12725
Acanella_sp,19.79678,-156.12977
Acanella_sp,19.80848,-156.12725
Acanella_sp,19.79678,-156.12977
Acanella_sp,19.79678,-156.12977
Acanella_sp,19.80848,-156.12725
Acanella_sp,19.80848,-156.12725
Acanella_sp,19.80848,-156.12725
Acanella_sp,25.86422,-173.47608
Acanella_sp,19.80848,-156.12725
Acanella_sp,25.86422,-173.47608
Acanella_sp,19.80848,-156.12725
Acanella_sp,19.80848,-156.12725
Acanella_sp,19.80338,-156.13413
Acanella_sp,19.80338,-156.13413
Acanella_sp,19.80338,-156.13413
Acanella_sp,19.80338,-156.13413
Acanella_sp,19.80338,-156.13413
Acanella_sp,19.80338,-156.13413
Acanella_sp,19.80338,-156.13413
Acanella_sp,19.80848,-156.12725
Acanella_sp,19.80338,-156.13413
Acanella_sp,21.30417,-157.54583
Acanella_weberi,23.23322,-163.51707
Acanella_weberi,23.23322,-163.51707
Acanella_weberi,23.23322,-163.51707
Acanella_weberi,23.23322,-163.51707
Acanella_weberi,23.23322,-163.51707
Acanella_weberi,23.23322,-163.51707
Acanella_sp,-5.40267,-173.9597
Acanella_weberi,23.23322,-163.51707
Acanella_sp,23.35,-79.95
Acanella_sp,23.34167,-79.96667
Acanella_sp,23.35,-80.6
Acanella_weberi,23.23322,-163.51707
Acanella_weberi,23.23322,-163.51707
Acanella_weberi,23.23322,-163.51707
Acanella_weberi,27.85443,-175.16669
Acanella_weberi,23.23322,-163.51707
Acanella_weberi,23.23322,-163.51707
Acanella_weberi,27.85459,-175.16693
Acanella_weberi,23.23322,-163.51707
Acanella_weberi,26.20111,-173.32503
Acanella_sp,-5.40324,-173.9585
Acanella_weberi,23.23322,-163.51707
Acanella_sp,27.85469,-175.16724
Acanella_weberi,23.23322,-163.51707
Acanella_weberi,23.23322,-163.51707
Acanella_weberi,23.23322,-163.51707
Acanella_weberi,23.23322,-163.51707
Acanella_weberi,23.23322,-163.51707
Acanella_weberi,23.23322,-163.51707
Acanella_sp,-5.40271,-173.95969
Acanella_weberi,23.23322,-163.51707
Acanella_weberi,23.23322,-163.51707
Acanella_weberi,27.85474,-175.16722
Acanella_sp,-5.40284,-173.95952
Acanella_sp,-5.40281,-173.95956
Acanella_weberi,23.23322,-163.51707
Acanella_sp,-5.40298,-173.95921
Acanella_weberi,23.23322,-163.51707
Acanella_sp,-5.40329,-173.9586
Acanella_sp,-5.40325,-173.95888
Acanella_sp,-5.40319,-173.95872
Acanella_weberi,23.23322,-163.51707
Acanella_weberi,23.23322,-163.51707
Acanella_weberi,23.23322,-163.51707
Acanella_weberi,23.23322,-163.51707
Acanella_weberi,23.23322,-163.51707
Acanella_weberi,23.23322,-163.51707
Acanella_sp,-5.40158,-173.9612
Acanella_weberi,23.23322,-163.51707
Acanella_weberi,23.23322,-163.51707
Acanella_weberi,23.23322,-163.51707
Acanella_weberi,23.23322,-163.51707
Acanella_sp,27.85456,-175.16866
Acanella_sp,27.85471,-175.16872
Acanella_sp,27.85463,-175.16922
Acanella_sp,27.85466,-175.16933
Acanella_sp,27.85479,-175.16978
Acanella_sp,27.85476,-175.16975
Acanella_sp,27.85481,-175.16977
Acanella_sp,24.85,-96
Acanella_sp,28.285,-79.61
Acanella_sp,42.133,-64.883
Acanella_sp,27.85494,-175.1699
Acanella_sp,39.5833,-71.3125
Acanella_sp,27.85492,-175.16995
Acanella_sp,26.81875,-176.31592
Acanella_sp,30.51336,-79.66068
Acanella_weberi,27.14176,-176.22849
Acanella_sp,30.51981,-79.65867
Acanella_sp,26.8188,-176.31586
Acanella_sp,28.7,-87.3
Acanella_sp,27.21,-79.594
Acanella_sp,42.8,-63.7
Acanella_sp,39.8083,-70.9
Acanella_sp,43.17,-66.67
Acanella_sp,38.6136,-72.8622
Acanella_sp,39.9083,-70.3333
Acanella_sp,32.6667,-76.675
Acanella_sp,27.975,-78.4
Acanella_sp,26.81848,-176.3157
Acanella_sp,28.9,-87.48
Acanella_sp,28.57,-87.43
Acanella_sp,41.8833,-65.5833
Acanella_sp,40.0469,-68.8167
Acanella_sp,41.1611,-66.0389
Acanella_sp,39.8833,-70.975
Acanella_sp,24.02,-96.55
Acanella_sp,38.6044,-72.9375
Acanella_sp,38.8028,-72.6189
Acanella_sp,27.83,-90.55
Acanella_sp,24.2417,-81.4
Acanella_sp,12.2217,-72.8333
Acanella_sp,16.97,-79.47
Acanella_sp,27.7,-90.5417
Acanella_sp,12.07,-72.48
Acanella_sp,24.0667,-83.0333
Acanella_sp,29.18,-87.78
Acanella_sp,29.1417,-88.0083
Acanella_sp,37.155,-73.97083
Acanella_weberi,25.6263,-167.24088
Acanella_weberi,25.62623,-167.2409
Acanella_sp,38.87167,-70.67167
Acanella_weberi,25.62622,-167.24088
Acanella_weberi,25.62617,-167.24101
Acanella_weberi,25.62621,-167.24107
Acanella_sp,15.63,-61.12
Acanella_weberi,25.62619,-167.24107
Acanella_weberi,25.62618,-167.24109
Acanella_sp,7.67,-53.7
Acanella_weberi,25.62614,-167.24106
Acanella_sp,28.285,-79.614
Acanella_weberi,25.62616,-167.24107
Acanella_sp,28.1,-77.13
Acanella_weberi,25.62634,-167.24115
Acanella_weberi,25.62615,-167.2413
Acanella_sp,17.62,-63.6
Acanella_sp,28.0178,-85.6606
Acanella_weberi,25.6261,-167.24142
Acanella_sp,26.81894,-176.316
Acanella_weberi,25.62614,-167.2415
Acanella_sp,26.81839,-176.31554
Acanella_sp,28.92,-87.38
Acanella_weberi,25.62611,-167.24158
Acanella_weberi,25.62611,-167.24167
Acanella_weberi,25.62611,-167.24165
Acanella_weberi,25.62617,-167.2417
Acanella_weberi,25.62617,-167.24187
Acanella_weberi,25.62616,-167.24193
Acanella_weberi,25.6262,-167.24191
Acanella_weberi,25.62616,-167.24199
Acanella_sp,23.88,-77.13
Acanella_sp,28.3161,-86.3156
Acanella_weberi,25.62612,-167.24207
Acanella_sp,26.81791,-176.31454
Acanella_sp,26.81793,-176.31456
Acanella_weberi,25.62642,-167.242
Acanella_sp,26.81897,-176.316
Acanella_sp,28.2258,-86.1108
Acanella_weberi,25.62638,-167.24202
Acanella_weberi,25.62642,-167.242
Acanella_sp,28.1189,-86.2861
Acanella_weberi,25.62656,-167.24213
Acanella_weberi,25.62667,-167.24236
Acanella_sp,27.8619,-90.7636
Acanella_weberi,25.6262,-167.24303
Acanella_sp,38.4686,-73.2106
Acanella_sp,38.7633,-72.6517
Acanella_sp,1.2194,125.285
Acanella_sp,0.5833,127.244
Acanella_sp,12.7308,124.981
Acanella_sp,33.3944,135.55
Acanella_sp,32.6056,132.408
Acanella_sp,36.41745,-122.29834
Acanella_sp,36.41717,-122.29953
Acanella_sp,21.6233,-158.3717
Acanella_sp,21.2933,-157.5417
Acanella_sp,21.2933,-157.5417
Acanella_sp,21.2933,-157.5417
Acanella_sp,21.3439,-157.59123
Acanella_sp,26.56942,-93.49138
Acanella_sp,26.57028,-93.48493
Acanella_sp,26.57036,-93.48476
Acanella_sp,24.23511,-82.00811
Acanella_sp,26.61582,-91.10873
Acanella_weberi,23.91997,-165.38432
Acanella_sp,33.7695,-62.565
Acanella_sp,33.8562,-62.6663
Acanella_sp,38.1455,-61.0856
Acanella_sp,38.85399,-63.76842
Acanella_weberi,25.62636,-167.24083
Acanella_weberi,25.62641,-167.24083
Acanella_weberi,25.62641,-167.24083
Acanella_weberi,25.62655,-167.24074
Acanella_weberi,25.62662,-167.24026
Acanella_weberi,25.62662,-167.24037
Acanella_weberi,25.62646,-167.23927
Acanella_sp,19.22725,-157.61609
Acanella_weberi,25.62662,-167.24023
Acanella_weberi,25.62649,-167.23952
Acanella_weberi,25.62646,-167.2403
Acanella_weberi,25.62657,-167.24078
Acanella_weberi,25.62662,-167.24052
Acanella_weberi,25.62658,-167.24055
Acanella_weberi,25.62657,-167.24048
Acanella_weberi,25.62656,-167.24059
Acanella_weberi,25.62662,-167.24052
Acanella_weberi,25.6266,-167.24057
Acanella_weberi,25.62658,-167.24057
Acanella_weberi,25.62658,-167.24074
Acanella_weberi,25.62656,-167.24074
Acanella_weberi,25.62661,-167.24072
Acanella_weberi,25.62661,-167.24072
Acanella_weberi,25.62658,-167.24074
Acanella_weberi,25.62656,-167.24074
Acanella_weberi,25.62657,-167.24062
Acanella_weberi,25.62635,-167.24088
Acanella_weberi,25.62638,-167.24081
Acanella_weberi,25.62627,-167.24088
Acanella_weberi,25.62637,-167.24086
Acanella_weberi,25.62632,-167.24086
Acanella_weberi,25.62641,-167.24083
Acanella_sp,19.22715,-157.61618
Acanella_sp,19.22781,-157.61577
Acanella_sp,19.22776,-157.61574
Acanella_sp,19.22806,-157.61406
Acanella_sp,19.22927,-157.61296
Acanella_sp,19.2293,-157.61296
Acanella_sp,19.22807,-157.61404
Acanella_sp,19.22872,-157.61337
Acanella_sp,19.22923,-157.61299
Acanella_sp,19.22876,-157.61334
Acanella_sp,19.2282,-157.61382
Acanella_sp,19.22867,-157.61331
Acanella_sp,19.22822,-157.6138
Acanella_sp,19.22788,-157.61554
Acanella_sp,19.22789,-157.61499
Acanella_sp,19.2279,-157.61407
Acanella_sp,19.22808,-157.61403
Acanella_sp,19.2281,-157.61406
Acanella_sp,19.22787,-157.61482
Acanella_sp,19.22793,-157.61414
Acanella_sp,19.22789,-157.61438
Acanella_sp,19.22789,-157.61557
Acanella_sp,19.22784,-157.61511
Acanella_sp,19.2279,-157.61493
Acanella_sp,19.22793,-157.61487
Acanella_sp,19.22779,-157.6154
Acanella_sp,19.2278,-157.61517
Acanella_sp,19.22789,-157.61519
Acanella_weberi,24.42876,-166.09113
Acanella_weberi,19.22783,-157.61475
Acanella_weberi,19.22953,-157.61281
Acanella_sp,25.62659,-167.24052
Acanella_sp,24.43011,-166.09267
Acanella_sp,24.43089,-166.09332
Acanella_sp,19.22737,-157.61594
Acanella_sp,19.22731,-157.61603
Acanella_sp,19.22737,-157.61598
Acanella_sp,24.43089,-166.09332
Acanella_sp,19.22735,-157.61581
Acanella_sp,19.22715,-157.61618
Acanella_sp,24.43038,-166.09306
Acanella_sp,24.43051,-166.09305
Acanella_sp,24.43052,-166.09311
Acanella_sp,24.43049,-166.09314
Acanella_sp,24.43043,-166.09303
Acanella_sp,24.43051,-166.09305
Acanella_sp,24.43051,-166.09305
Acanella_sp,25.6266,-167.24057
Acanella_sp,24.42933,-166.09196
Acanella_sp,24.42988,-166.09233
Acanella_sp,24.43007,-166.09265
Acanella_sp,19.22789,-157.61562
Acanella_sp,24.42933,-166.09195
Acanella_sp,24.4295,-166.09204
Acanella_sp,24.42934,-166.09195
Acanella_sp,25.62659,-167.24054
Acanella_sp,24.42871,-166.09138
Acanella_sp,24.42933,-166.09196
Acanella_sp,24.42871,-166.0914
Acanella_sp,25.62657,-167.2405
Acanella_sp,24.42876,-166.09113
Acanella_sp,25.62646,-167.2402
Acanella_weberi,19.22972,-157.61258
Acanella_weberi,19.23041,-157.61201
Acanella_weberi,19.23071,-157.61172
Acanella_sp,25.62667,-167.24234
Acanella_sp,25.62655,-167.24074
Acanella_sp,25.6263,-167.2409
Acanella_weberi,19.23073,-157.61174
Acanella_sp,25.62673,-167.24232
Acanella_sp,25.62668,-167.24236
Acanella_weberi,19.23041,-157.612
Acanella_weberi,19.23041,-157.61183
Acanella_weberi,19.23056,-157.61188
Acanella_weberi,19.23038,-157.61182
Acanella_weberi,19.23037,-157.61201
Acanella_weberi,19.23044,-157.61203
Acanella_weberi,19.2304,-157.61203
Acanella_weberi,19.22974,-157.61229
Acanella_weberi,19.23,-157.61237
Acanella_weberi,19.23003,-157.61223
Acanella_weberi,19.23011,-157.61224
Acanella_weberi,19.23003,-157.61224
Acanella_weberi,19.22996,-157.61234
Acanella_weberi,19.23,-157.61221
Acanella_weberi,19.23005,-157.61237
Acanella_weberi,19.22975,-157.61227
Acanella_weberi,19.22972,-157.61227
Acanella_weberi,19.22983,-157.61244
Acanella_weberi,19.22975,-157.61238
Acanella_weberi,19.22785,-157.61433
Acanella_weberi,19.22905,-157.61316
Acanella_weberi,19.22958,-157.61273
Acanella_weberi,19.22955,-157.61278
Acanella_weberi,19.22953,-157.61278
Acanella_weberi,19.22957,-157.61276
Acanella_weberi,19.22956,-157.61276
Acanella_weberi,19.22949,-157.61281
Acanella_weberi,19.22954,-157.61282
Acanella_weberi,19.22903,-157.6132
Acanella_weberi,19.22947,-157.61284
Acanella_weberi,19.22937,-157.61295
Acanella_weberi,19.22942,-157.6129
Acanella_weberi,19.22907,-157.61295
Acanella_weberi,19.22936,-157.6129
Acanella_weberi,19.22938,-157.61292
Acanella_weberi,19.22783,-157.61444
Acanella_weberi,19.22848,-157.6136
Acanella_weberi,19.22893,-157.61317
Acanella_weberi,19.22898,-157.61314
Acanella_weberi,19.22902,-157.61319
Acanella_weberi,19.22895,-157.61316
Acanella_weberi,19.22894,-157.61316
Acanella_weberi,19.22895,-157.61314
Acanella_weberi,19.22789,-157.61438
Acanella_weberi,19.22809,-157.61398
Acanella_weberi,19.2283,-157.61362
Acanella_weberi,19.22813,-157.614
Acanella_weberi,19.22794,-157.61436
Acanella_weberi,19.2281,-157.61406
Acanella_weberi,19.22801,-157.61409
Acanella_weberi,24.42877,-166.09114
Acanella_weberi,23.2265,-163.51822
Acanella_weberi,19.22739,-157.61586
Acanella_weberi,19.22782,-157.61554
Acanella_weberi,19.22787,-157.61499
Acanella_weberi,19.22787,-157.6148
Acanella_weberi,19.22786,-157.6149
Acanella_weberi,19.22784,-157.61548
Acanella_weberi,19.22798,-157.61494
Acanella_weberi,19.22784,-157.61508
Acanella_weberi,19.22725,-157.61609
Acanella_weberi,19.22781,-157.61577
Acanella_weberi,19.2279,-157.61557
Acanella_weberi,19.22787,-157.61555
Acanella_weberi,19.22716,-157.61617
Acanella_weberi,19.22727,-157.6161
Acanella_weberi,19.22716,-157.61617
Acanella_weberi,23.22659,-163.51819
Acanella_weberi,23.22617,-163.51784
Acanella_weberi,19.22761,-157.61557
Acanella_weberi,19.22729,-157.6158
Acanella_weberi,19.22759,-157.61563
Acanella_weberi,23.2261,-163.5178
Acanella_weberi,23.22584,-163.51768
Acanella_weberi,23.22595,-163.5177
Acanella_weberi,23.22648,-163.5182
Acanella_weberi,23.22637,-163.51807
Acanella_weberi,23.22628,-163.51813
Acanella_weberi,23.22616,-163.51811
Acanella_weberi,23.22647,-163.51828
Acanella_weberi,23.22629,-163.51813
Acanella_weberi,23.22638,-163.51811
Acanella_weberi,24.42873,-166.0914
Acanella_weberi,23.22773,-163.51881
Acanella_weberi,23.22703,-163.51848
Acanella_weberi,23.22667,-163.51833
Acanella_weberi,23.22652,-163.5182
Acanella_weberi,23.22648,-163.5182
Acanella_weberi,23.22676,-163.5184
Acanella_weberi,23.22672,-163.51836
Acanella_weberi,23.22679,-163.51842
Acanella_weberi,23.22768,-163.51886
Acanella_weberi,23.22704,-163.51857
Acanella_weberi,23.22714,-163.5185
Acanella_weberi,23.2272,-163.51869
Acanella_weberi,23.22768,-163.51888
Acanella_weberi,23.22744,-163.51872
Acanella_weberi,23.22763,-163.5188
Acanella_weberi,24.42871,-166.0914
Acanella_weberi,23.22808,-163.51894
Acanella_weberi,23.22784,-163.51889
Acanella_weberi,23.22772,-163.51883
Acanella_weberi,23.22782,-163.51883
Acanella_weberi,23.2281,-163.51897
Acanella_weberi,23.22789,-163.51886
Acanella_weberi,23.22799,-163.5189
Acanella_weberi,23.22842,-163.51968
Acanella_weberi,23.22811,-163.51884
Acanella_weberi,23.2281,-163.51884
Acanella_weberi,23.22812,-163.51888
Acanella_weberi,23.22845,-163.51956
Acanella_weberi,23.22811,-163.51883
Acanella_weberi,23.22831,-163.51883
Acanella_sp,25.0825,-172.49077
Acanella_sp,23.30599,-108.59129
Acanella_weberi,25.08254,-172.49084
Acanella_sp,23.45842,-108.4823
Acanella_sp,23.45547,-108.48093
Acanella_weberi,25.08208,-172.48944
Acanella_weberi,25.08262,-172.49124
Acanella_weberi,25.08211,-172.48938
Acanella_sp,23.31551,-108.58504
Acanella_sp,23.45728,-108.48186
Acanella_sp,25.08261,-172.49121
Acanella_sp,23.44546,-108.49025
Acanella_weberi,25.08233,-172.49065
Acanella_sp,23.30596,-108.59122
Acanella_sp,23.31448,-108.58663
Acanella_sp,23.45772,-108.482
Acanella_sp,23.45843,-108.48231
Acanella_weberi,25.08215,-172.48972
Acanella_sp,23.45846,-108.48234
Acanella_sp,23.44598,-108.49022
Acanella_sp,23.31444,-108.58652
Acanella_sp,23.31455,-108.5864
Acanella_weberi,25.0826,-172.49124
Acanella_sp,23.31662,-108.58724
Acanella_weberi,25.08211,-172.48978
Acanella_sp,23.31813,-108.58668
Acanella_weberi,25.0825,-172.49075
Acanella_sp,23.31537,-108.58558
Acanella_sp,25.08151,-172.4888
Acanella_sp,23.4594,-108.48199
Acanella_sp,23.45941,-108.48199
Acanella_sp,23.31569,-108.58481
Acanella_weberi,25.08249,-172.49072
Acanella_sp,23.45946,-108.48196
Acanella_weberi,25.08223,-172.4897
Acanella_sp,23.31288,-108.5868
Acanella_sp,23.45966,-108.48191
Acanella_weberi,25.08223,-172.4897
Acanella_sp,23.31433,-108.58675
Acanella_sp,23.31405,-108.58694
Acanella_sp,23.31389,-108.58707
Acanella_sp,25.08254,-172.49084
Acanella_sp,23.3119,-108.58794
Acanella_weberi,25.08261,-172.49126
Acanella_sp,23.46144,-108.48066
Acanella_sp,23.31287,-108.5868
Acanella_sp,23.3124,-108.58628
Acanella_sp,23.31193,-108.58765
Acanella_sp,23.31203,-108.58733
Acanella_sp,23.31055,-108.58965
Acanella_sp,23.30992,-108.58984
Acanella_sp,23.46296,-108.47967
Acanella_sp,23.46344,-108.47952
Acanella_weberi,25.08235,-172.49042
Acanella_weberi,25.08251,-172.48997
Acanella_sp,23.46418,-108.47941
Acanella_sp,23.30585,-108.59102
Acanella_sp,23.30675,-108.58979
Acanella_sp,23.30676,-108.58976
Acanella_sp,23.46514,-108.47921
Acanella_sp,23.46541,-108.47924
Acanella_weberi,25.08265,-172.49121
Acanella_sp,23.46592,-108.47903
Acanella_sp,23.30579,-108.59051
Acanella_weberi,25.08265,-172.49129
Acanella_sp,23.30607,-108.59033
Acanella_weberi,25.08245,-172.4902
Acanella_weberi,25.08251,-172.49025
Acanella_sp,23.30566,-108.5906
Acanella_sp,23.46686,-108.47849
Acanella_weberi,25.08251,-172.49025
Acanella_weberi,25.08276,-172.49129
Acanella_sp,23.43962,-108.49021
Acanella_sp,23.4453,-108.49023
Acanella_weberi,25.08251,-172.49031
Acanella_sp,23.4553,-108.4851
Acanella_sp,23.44545,-108.49026
Acanella_sp,23.44505,-108.49035
Acanella_sp,23.44137,-108.49182
Acanella_sp,23.44335,-108.49134
Acanella_weberi,25.08249,-172.49069
Acanella_sp,23.44169,-108.4921
Acanella_sp,23.44307,-108.49149
Acanella_sp,23.44093,-108.49125
Acanella_sp,23.44004,-108.4906
Acanella_sp,23.45837,-108.48226
Acanella_sp,23.30608,-108.59144
Acanella_sp,23.50494,-108.44383
Acanella_sp,23.30604,-108.59138
Acanella_sp,23.50495,-108.44339
Acanella_sp,23.50445,-108.44482
Acanella_sp,23.50394,-108.44538
Acanella_sp,23.50376,-108.44556
Acanella_sp,23.45545,-108.48494
Acanella_sp,23.50369,-108.44563
Acanella_sp,23.50368,-108.44564
Acanella_sp,23.50368,-108.44564
Acanella_sp,23.50349,-108.44578
Acanella_sp,23.30719,-108.59429
Acanella_sp,23.30628,-108.59163
Acanella_sp,23.30641,-108.59175
Acanella_sp,23.30723,-108.59437
Acanella_sp,23.50368,-108.44829
Acanella_sp,23.30721,-108.59435
Acanella_sp,23.30592,-108.59635
Acanella_sp,23.30604,-108.59618
Acanella_sp,23.30575,-108.59732
Acanella_sp,23.45526,-108.48508
Acanella_sp,23.45473,-108.48607
Acanella_sp,23.4547,-108.48605
Acanella_sp,20.48922,-156.58592
Acanella_sp,23.50022,-108.44996
Acanella_sp,23.44967,-108.48649
Acanella_sp,23.44886,-108.48663
Acanella_sp,23.49952,-108.44971
Acanella_sp,23.49879,-108.44956
Acanella_sp,23.49828,-108.44948
Acanella_sp,23.49826,-108.44948
Acanella_sp,23.4496,-108.4865
Acanella_sp,23.44995,-108.4864
Acanella_sp,23.449,-108.48659
Acanella_sp,23.44944,-108.48654
Acanella_sp,23.44913,-108.48656
Acanella_sp,23.49693,-108.44879
Acanella_sp,23.49688,-108.4487
Acanella_sp,23.49683,-108.44865
Acanella_sp,23.49687,-108.44845
Acanella_sp,24.1333,-79.8
Acanella_sp,37.0283,-73.985
Acanella_sp,18.5,-87.6167
Acanella_sp,24.4667,-80.2667
Acanella_sp,36.8367,-74.5417
Acanella_sp,23.865,-80.7117
Acanella_sp,23.725,-76.7333
Acanella_sp,24.4,-80.3667
Acanella_sp,24.0833,-81.7667
Acanella_sp,23.7333,-76.8167
Acanella_sp,24.3,-80.4833
Acanella_sp,24.5333,-80.4667
Acanella_sp,23.4967,-76.9533
Acanella_sp,24.6333,-80.25
Acanella_sp,24.2833,-80.7
Acanella_sp,23.8708,-76.8717
Acanella_sp,24.0417,-82.0583
Acanella_sp,23.8542,-76.8933
Acanella_sp,24.2333,-82.4833
Acanella_sp,23.5317,-76.72
Acanella_sp,23.8333,-82.9
Acanella_sp,25.9917,-78.55
Acanella_sp,23.9833,-81.1667
Acanella_sp,23.675,-77.0517
Acanella_sp,24.05,-81.8167
Acanella_sp,23.9583,-76.8217
Acanella_sp,23.8167,-81.6167
Acanella_sp,37,-74.3167
Acanella_sp,23.5667,-79.2
Acanella_sp,23.7033,-76.8667
Acanella_sp,37,-74.3167
Acanella_sp,22.455,-73.1683
Acanella_sp,18.835,-87.525
Acanella_sp,25.42,-78.13
Acanella_sp,25.9333,-78.15
Acanella_sp,22.4183,-73.8667
Acanella_sp,23.8833,-81.3667
Acanella_sp,25.42,-78.08
Acanella_sp,11.68,-68.95
Acanella_sp,25.13,-77.2
Acanella_sp,23.9,-81.3167
Acanella_sp,23.48,-77.08
Acanella_sp,24.05,-81.1667
Acanella_sp,24.2333,-82.65
Acanella_sp,25.6,-79.75
Acanella_sp,18.2833,-75.1167
Acanella_sp,23.85,-81.0333
Acanella_sp,23.9,-81.45
Acanella_sp,23.9833,-82.15
Acanella_sp,24.0833,-82.35
Acanella_sp,23.95,-82.5333
Acanella_sp,21.0333,-86.4833
Acanella_sp,23.75,-81.8167
Acanella_sp,23.9333,-82.2
Acanella_sp,26.0667,-79.4
Acanella_sp,26.1333,-79.4
Acanella_sp,26.25,-78.8
Acanella_sp,24.1,-81.1333
Acanella_sp,24.1667,-81.1167
Acanella_sp,9.025,-76.8833
Acanella_sp,24.2583,-81.5667
Acanella_sp,24.0167,-79.65
Acanella_sp,24.1167,-79.4667
Acanella_sp,23.7333,-81.2333
Acanella_sp,24.1667,-82.8583
Acanella_sp,24.2083,-82.8333
Acanella_sp,24.22,-83.55
Acanella_sp,16.9167,-62.7167
Acanella_sp,11.615,-68.7
Acanella_sp,23.9,-81.45
Acanella_sp,11.63,-60.6233
Acanella_sp,11.2167,-66.25
Acanella_sp,7.5583,-56.4167
Acanella_sp,8.2333,-57.6333
Acanella_sp,16.725,-61.95
Acanella_sp,12.7,-61.0917
Acanella_sp,11.5,-73.4417
Acanella_sp,11.6217,-59.4
Acanella_sp,13.7583,-61.095
Acanella_sp,13.3467,-61.0417
Acanella_sp,14.0867,-60.8383
Acanella_sp,14.17,-81.97
Acanella_sp,18.44,-63.21
Acanella_sp,37.0533,-74.4667
Acanella_sp,37.05,-74.3367
Acanella_sp,23.5833,-79.4
Acanella_sp,17.52,-77.82
Acanella_sp,18.4883,-63.41
Acanella_sp,16.9167,-62.7167
Acanella_sp,37.0267,-74.375
Acanella_sp,23.8333,-81.6167
Acanella_sp,37.0283,-73.985
Acanella_sp,24.35,-80.3833
Acanella_sp,26.55,-79.3833
Acanella_sp,7.6167,-55.3667
Acanella_sp,25.1333,-79.7333
Acanella_sp,25.05,-79.75
Acanella_sp,18.70982,-158.26107
Acanella_sp,18.73205,-158.2615
Acanella_sp,23.49357,-108.45443
Acanella_sp,23.55641,-108.41906
Acanella_sp,23.49724,-108.44843
Acanella_sp,23.49732,-108.44834
Acanella_sp,23.55686,-108.41877
Acanella_sp,18.70982,-158.26107
Acanella_sp,23.49688,-108.44867
Acanella_sp,18.70982,-158.26107
Acanella_sp,23.55686,-108.41878
Acanella_sp,23.495,-108.45003
Acanella_sp,23.49442,-108.45072
Acanella_sp,23.49386,-108.45152
Acanella_sp,23.49385,-108.45151
Acanella_sp,23.55707,-108.41917
Acanella_sp,23.49387,-108.45444
Acanella_sp,23.55513,-108.41783
Acanella_sp,23.55534,-108.41676
Acanella_sp,23.55516,-108.41758
Acanella_sp,23.55524,-108.41733
Acanella_sp,23.55524,-108.41732
Acanella_sp,23.55519,-108.41757
Acanella_sp,18.70982,-158.26107
Acanella_sp,23.55733,-108.41902
Acanella_sp,23.55781,-108.41847
Acanella_sp,23.54353,-108.42327
Acanella_sp,23.55772,-108.41847
Acanella_sp,23.5435,-108.42302
Acanella_sp,23.5438,-108.42478
Acanella_sp,23.54462,-108.42659
Acanella_sp,23.54444,-108.42733
Acanella_sp,23.55814,-108.41561
Acanella_sp,23.55706,-108.41718
Acanella_sp,18.70982,-158.26107
Acanella_sp,23.55812,-108.41562
Acanella_sp,18.70982,-158.26107
Acanella_sp,23.55794,-108.41574
Acanella_sp,23.55583,-108.42312
Acanella_sp,23.55592,-108.42329
Acanella_sp,23.55567,-108.4229
Acanella_sp,23.55541,-108.42265
Acanella_sp,18.70982,-158.26107
Acanella_sp,23.55506,-108.42214
Acanella_sp,23.55473,-108.42157
Acanella_sp,23.55502,-108.4219
Acanella_sp,23.55485,-108.42167
Acanella_sp,23.55476,-108.42161
Acanella_sp,23.55458,-108.42137
Acanella_sp,19.80848,-156.12725
Acanella_sp,23.55449,-108.42118
Acanella_sp,19.80848,-156.12725
Acanella_sp,23.55442,-108.42112
Acanella_sp,19.80848,-156.12725
Acanella_sp,19.80848,-156.12725
Acanella_sp,23.55416,-108.42077
Acanella_sp,23.55422,-108.42073
Acanella_sp,23.55446,-108.42061
Acanella_sp,23.55528,-108.41906
Acanella_sp,23.55514,-108.41921
Acanella_sp,23.55526,-108.41828
Acanella_sp,23.55535,-108.4182
Acanella_sp,23.55617,-108.41929
Acanella_sp,23.55647,-108.41831
Acanella_sp,23.55637,-108.4182
Acanella_sp,23.55594,-108.41866
Acanella_sp,23.55533,-108.41904
Acanella_sp,23.55611,-108.41924
Acanella_sp,23.55614,-108.41925
Acanella_sp,39.8075,-66.25
Acanella_sp,39.64873,-65.92591
Acanella_sp,38.1472,-61.0977
Acanella_weberi,15.1605,-167.03596
Acanella_weberi,15.1604,-167.03589
Acanella_sp,39.55,-68.4458
Acanella_weberi,15.15636,-167.03566
Acanella_weberi,15.16042,-167.03587
Acanella_weberi,15.15724,-167.0357
Acanella_weberi,15.15735,-167.03575
Acanella_weberi,15.16045,-167.03583
Acanella_weberi,15.15729,-167.03569
Acanella_weberi,15.16045,-167.03583
Acanella_sp,12.3931,-61.5903
Acanella_weberi,18.7315,-158.19567
Acanella_weberi,15.15695,-167.03566
Acanella_weberi,15.15714,-167.03568
Acanella_sp,18.785,-155.71667
Acanella_weberi,15.157,-167.03561
Acanella_weberi,15.16038,-167.03583
Acanella_weberi,15.15683,-167.03575
Acanella_weberi,15.16036,-167.03584
Acanella_weberi,15.15684,-167.03575
Acanella_weberi,15.15694,-167.03569
Acanella_weberi,15.16034,-167.03584
Acanella_weberi,15.16034,-167.03584
Acanella_weberi,15.15688,-167.0356
Acanella_weberi,15.16033,-167.03584
Acanella_weberi,15.15675,-167.03566
Acanella_weberi,15.1603,-167.03584
Acanella_weberi,15.15663,-167.03563
Acanella_weberi,26.1974,-173.32588
Acanella_weberi,15.16025,-167.03584
Acanella_weberi,15.15653,-167.03568
Acanella_weberi,15.16023,-167.03584
Acanella_weberi,15.15647,-167.03564
Acanella_weberi,15.15647,-167.0356
Acanella_weberi,15.16016,-167.03584
Acanella_weberi,15.15638,-167.03558
Acanella_weberi,15.15639,-167.03566
Acanella_weberi,15.16016,-167.03584
Acanella_weberi,15.15642,-167.03566
Acanella_weberi,15.15633,-167.03566
Acanella_weberi,15.16012,-167.03584
Acanella_weberi,15.15626,-167.03564
Acanella_weberi,15.16012,-167.03584
Acanella_weberi,15.15581,-167.0358
Acanella_weberi,25.8122,-171.0977
Acanella_weberi,15.1561,-167.03564
Acanella_weberi,15.15632,-167.03566
Acanella_sp,28.04084,-79.61469
Acanella_sp,28.04074,-79.61533
Acanella_sp,28.04047,-79.61549
Acanella_weberi,15.15623,-167.03564
Acanella_sp,28.04036,-79.6155
Acanella_sp,28.04115,-79.61497
Acanella_sp,19.7911,-156.1137
Acanella_weberi,15.15618,-167.03564
Acanella_weberi,25.81301,-171.09764
Acanella_weberi,15.16005,-167.03586
Acanella_weberi,25.81294,-171.09764
Acanella_sp,19.7911,-156.1137
Acanella_weberi,25.81301,-171.09767
Acanella_sp,28.04143,-79.6145
Acanella_weberi,15.15607,-167.03564
Acanella_weberi,15.15604,-167.03566
Acanella_sp,28.04096,-79.61449
Acanella_sp,28.03891,-79.6139
Acanella_weberi,25.8131,-171.09758
Acanella_weberi,15.15601,-167.03568
Acanella_weberi,15.15601,-167.03568
Acanella_sp,28.04105,-79.61458
Acanella_weberi,15.16001,-167.03586
Acanella_weberi,25.81313,-171.09732
Acanella_weberi,25.81306,-171.09666
Acanella_sp,28.03837,-79.6137
Acanella_weberi,15.15583,-167.03578
Acanella_weberi,18.70833,-158.25717
Acanella_weberi,15.15585,-167.03578
Acanella_weberi,25.81303,-171.09714
Acanella_weberi,15.16001,-167.03586
Acanella_weberi,18.70833,-158.25717
Acanella_weberi,19.02167,-155.26333
Acanella_weberi,15.15591,-167.03574
Acanella_weberi,15.15588,-167.03575
Acanella_sp,28.0412,-79.61471
Acanella_weberi,25.81302,-171.0967
Acanella_weberi,15.1559,-167.03574
Acanella_weberi,15.15999,-167.03586
Acanella_weberi,18.7331,-158.25943
Acanella_weberi,25.81307,-171.0964
Acanella_weberi,19.02167,-155.26333
Acanella_sp,19.7911,-156.1137
Acanella_sp,28.03873,-79.61371
Acanella_weberi,19.02167,-155.26333
Acanella_weberi,15.1558,-167.0358
Acanella_weberi,25.81289,-171.09627
Acanella_weberi,15.15571,-167.03586
Acanella_weberi,15.15989,-167.03586
Acanella_sp,28.04031,-79.61339
Acanella_weberi,15.15579,-167.03581
Acanella_weberi,25.81303,-171.09622
Acanella_weberi,15.15573,-167.03584
Acanella_weberi,15.15578,-167.03581
Acanella_sp,28.04127,-79.61445
Acanella_weberi,15.15572,-167.03586
Acanella_sp,28.04135,-79.61402
Acanella_weberi,15.15972,-167.03586
Acanella_sp,25.81314,-171.09576
Acanella_weberi,15.15557,-167.03595
Acanella_weberi,15.15558,-167.03593
Acanella_weberi,25.81327,-171.09549
Acanella_sp,28.03992,-79.61408
Acanella_sp,28.04131,-79.61432
Acanella_weberi,15.15557,-167.03595
Acanella_weberi,15.15983,-167.03581
Acanella_sp,28.03973,-79.61413
Acanella_sp,28.0392,-79.61341
Acanella_sp,28.04152,-79.61459
Acanella_weberi,15.15545,-167.03603
Acanella_sp,28.04156,-79.61439
Acanella_weberi,15.15557,-167.03595
Acanella_weberi,25.81322,-171.0948
Acanella_weberi,15.15981,-167.0358
Acanella_weberi,15.15556,-167.03595
Acanella_sp,28.03878,-79.61274
Acanella_weberi,15.15552,-167.03598
Acanella_sp,28.03743,-79.61263
Acanella_sp,28.03917,-79.61355
Acanella_sp,28.03918,-79.6136
Acanella_sp,28.03924,-79.61363
Acanella_weberi,15.15551,-167.03598
Acanella_sp,28.03744,-79.61266
Acanella_sp,28.04139,-79.61436
Acanella_weberi,18.7331,-158.25943
Acanella_sp,28.03917,-79.61387
Acanella_sp,28.04004,-79.61418
Acanella_weberi,15.15965,-167.03581
Acanella_sp,28.03753,-79.61266
Acanella_weberi,15.1555,-167.036
Acanella_weberi,15.15545,-167.03601
Acanella_sp,28.04034,-79.61457
Acanella_sp,28.03971,-79.61408
Acanella_weberi,18.732,-158.25972
Acanella_sp,28.0398,-79.6142
Acanella_weberi,15.15551,-167.03601
Acanella_weberi,18.732,-158.25972
Acanella_weberi,18.7331,-158.25943
Acanella_sp,28.04166,-79.61442
Acanella_weberi,18.732,-158.25972
Acanella_sp,28.04193,-79.61447
Acanella_weberi,18.732,-158.25972
Acanella_weberi,15.15959,-167.03586
Acanella_sp,28.03763,-79.61275
Acanella_sp,28.04009,-79.61414
Acanella_sp,16.19744,-169.56256
Acanella_weberi,15.15965,-167.03592
Acanella_sp,28.03808,-79.61267
Acanella_sp,28.04198,-79.61457
Acanella_sp,16.1973,-169.56262
Acanella_sp,28.04181,-79.61472
Acanella_weberi,15.15953,-167.0359
Acanella_sp,28.04013,-79.61418
Acanella_sp,28.04196,-79.61466
Acanella_sp,16.19732,-169.56264
Acanella_sp,28.04013,-79.61433
Acanella_sp,28.04193,-79.61447
Acanella_weberi,15.15955,-167.03587
Acanella_sp,28.03914,-79.61315
Acanella_sp,28.04191,-79.6146
Acanella_weberi,18.732,-158.25972
Acanella_weberi,15.15948,-167.03587
Acanella_sp,28.03941,-79.61363
Acanella_sp,28.04045,-79.61442
Acanella_sp,28.04051,-79.61461
Acanella_sp,28.04172,-79.6149
Acanella_weberi,15.15945,-167.03581
Acanella_sp,28.03861,-79.61332
Acanella_sp,28.03865,-79.6135
Acanella_weberi,15.15946,-167.0358
Acanella_weberi,15.15945,-167.03581
Acanella_sp,28.04168,-79.6152
Acanella_sp,28.03959,-79.61384
Acanella_weberi,15.15938,-167.03584
Acanella_sp,28.04065,-79.61484
Acanella_weberi,15.1593,-167.03592
Acanella_weberi,15.15921,-167.03587
Acanella_sp,16.19684,-169.56299
Acanella_weberi,18.7331,-158.25943
Acanella_weberi,15.15912,-167.03593
Acanella_weberi,15.15924,-167.03595
Acanella_weberi,15.15913,-167.03581
Acanella_sp,16.19677,-169.56332
Acanella_weberi,15.15906,-167.0359
Acanella_weberi,15.15902,-167.03586
Acanella_weberi,15.15912,-167.03586
Acanella_sp,16.19664,-169.56339
Acanella_weberi,15.15902,-167.03578
Acanella_weberi,15.15904,-167.03584
Acanella_sp,16.19633,-169.56361
Acanella_weberi,15.15896,-167.03583
Acanella_sp,16.19588,-169.56361
Acanella_weberi,15.1589,-167.03589
Acanella_weberi,15.15888,-167.03589
Acanella_weberi,15.15878,-167.03575
Acanella_weberi,15.15875,-167.03577
Acanella_weberi,15.15879,-167.0359
Acanella_weberi,15.15872,-167.0359
Acanella_weberi,15.15878,-167.03589
Acanella_sp,16.1957,-169.56453
Acanella_weberi,15.15876,-167.03592
Acanella_weberi,15.1586,-167.0358
Acanella_weberi,15.15864,-167.03586
Acanella_weberi,15.15857,-167.03584
Acanella_weberi,15.1586,-167.03589
Acanella_weberi,15.15853,-167.03586
Acanella_weberi,15.15841,-167.03572
Acanella_weberi,15.15841,-167.03577
Acanella_weberi,15.15845,-167.03575
Acanella_weberi,15.15841,-167.03575
Acanella_weberi,15.16047,-167.03596
Acanella_sp,12.85764,144.30592
Acanella_weberi,15.15835,-167.0357
Acanella_weberi,15.1584,-167.03568
Acanella_weberi,15.15829,-167.0357
Acanella_weberi,15.15829,-167.03568
Acanella_weberi,15.15836,-167.0357
Acanella_sp,12.85844,144.3054
Acanella_weberi,15.15827,-167.03555
Acanella_weberi,23.94574,-166.04047
Acanella_weberi,15.15818,-167.0356
Acanella_sp,12.85701,144.30609
Acanella_weberi,15.15811,-167.03554
Acanella_weberi,15.1582,-167.03552
Acanella_sp,12.85731,144.30591
Acanella_weberi,15.15807,-167.0356
Acanella_sp,12.85735,144.3059
Acanella_weberi,25.42421,-173.54353
Acanella_weberi,15.15809,-167.03555
Acanella_weberi,15.15799,-167.0356
Acanella_weberi,15.15808,-167.03555
Acanella_weberi,25.42499,-173.54353
Acanella_weberi,25.42522,-173.54337
Acanella_weberi,15.15797,-167.03564
Acanella_weberi,15.15801,-167.03554
Acanella_weberi,15.15804,-167.03555
Acanella_weberi,15.15795,-167.03569
Acanella_weberi,15.15797,-167.03561
Acanella_sp,12.85754,144.30594
Acanella_weberi,15.15793,-167.03558
Acanella_weberi,26.1535,-173.36427
Acanella_weberi,15.1579,-167.03557
Acanella_sp,12.85879,144.30515
Acanella_weberi,15.15788,-167.0356
Acanella_weberi,15.15784,-167.03555
Acanella_weberi,15.15789,-167.0356
Acanella_sp,12.85849,144.30542
Acanella_sp,12.85641,144.30614
Acanella_sp,12.85728,144.3059
Acanella_sp,26.17897,-84.70506
Acanella_sp,26.1822,-84.70507
Acanella_weberi,15.15774,-167.03557
Acanella_weberi,15.15767,-167.03569
Acanella_weberi,15.15775,-167.03558
Acanella_weberi,15.15771,-167.03572
Acanella_weberi,15.15757,-167.03568
Acanella_weberi,15.1576,-167.03563
Acanella_weberi,15.15757,-167.03561
Acanella_weberi,15.15753,-167.03566
Acanella_weberi,15.16069,-167.0359
Acanella_weberi,16.13926,-167.85185
Acanella_weberi,15.15753,-167.0357
Acanella_weberi,15.16067,-167.03598
Acanella_weberi,16.13974,-167.85228
Acanella_weberi,16.13918,-167.85156
Acanella_weberi,15.1606,-167.03598
Acanella_weberi,15.15755,-167.03561
Acanella_weberi,16.13978,-167.85243
Acanella_weberi,18.11672,-169.00105
Acanella_weberi,15.15751,-167.03566
Acanella_weberi,15.16053,-167.03592
Acanella_weberi,16.13909,-167.85121
Acanella_weberi,15.15749,-167.0357
Acanella_weberi,16.13989,-167.85272
Acanella_sp,12.85683,144.3061
Acanella_weberi,15.15734,-167.03575
Acanella_weberi,16.13975,-167.85248
Acanella_sp,12.85613,144.30614
Acanella_weberi,16.13988,-167.85265
Acanella_weberi,15.15736,-167.03568
Acanella_weberi,16.13914,-167.8513
Acanella_weberi,16.13914,-167.85135
Acanella_weberi,25.5743,-173.50637
Acanella_sp,23.35,-80.6
Acanella_weberi,25.5743,-173.50637
Acanella_weberi,25.5743,-173.50637
Acanella_weberi,25.5743,-173.50637
Acanella_weberi,25.5743,-173.50637
Acanella_weberi,16.13907,-167.85112
Acanella_weberi,25.5743,-173.50637
Acanella_weberi,25.5743,-173.50637
Acanella_weberi,25.5743,-173.50637
Acanella_weberi,25.5743,-173.50637
Acanella_weberi,16.13974,-167.85233
Acanella_weberi,16.13907,-167.85112
Acanella_weberi,18.11648,-169.00073
Acanella_weberi,25.5743,-173.50637
Acanella_sp,21.80707,-160.28659
Acanella_weberi,25.5743,-173.50637
Acanella_weberi,25.5743,-173.50637
Acanella_sp,21.80708,-160.28656
Acanella_weberi,18.11628,-169.0008
Acanella_weberi,25.5743,-173.50637
Acanella_sp,21.8071,-160.2866
Acanella_weberi,25.5743,-173.50637
Acanella_weberi,16.13907,-167.85112
Acanella_weberi,16.13907,-167.85112
Acanella_weberi,25.5743,-173.50637
Acanella_weberi,18.11652,-169.00102
Acanella_weberi,25.5743,-173.50637
Acanella_weberi,16.13994,-167.85268
Acanella_weberi,18.11641,-169.00075
Acanella_weberi,16.13992,-167.85278
Acanella_weberi,25.5743,-173.50637
Acanella_sp,21.80678,-160.28645
Acanella_weberi,16.13908,-167.8512
Acanella_weberi,25.5743,-173.50637
Acanella_sp,21.8053,-160.28575
Acanella_weberi,25.5743,-173.50637
Acanella_sp,21.80523,-160.2857
Acanella_weberi,25.5743,-173.50637
Acanella_weberi,16.13908,-167.85114
Acanella_weberi,25.5743,-173.50637
Acanella_weberi,25.5743,-173.50637
Acanella_sp,21.80523,-160.2857
Acanella_sp,21.80522,-160.2857
Acanella_weberi,25.5743,-173.50637
Acanella_sp,21.80445,-160.28511
Acanella_weberi,25.5743,-173.50637
Acanella_weberi,25.5743,-173.50637
Acanella_weberi,16.13893,-167.85094
Acanella_weberi,25.5743,-173.50637
Acanella_weberi,16.13892,-167.85094
Acanella_weberi,25.5743,-173.50637
Acanella_weberi,16.13892,-167.85094
Acanella_weberi,16.13933,-167.85184
Acanella_weberi,25.5743,-173.50637
Acanella_weberi,25.5743,-173.50637
Acanella_sp,23.57208,-108.40803
Acanella_weberi,25.5743,-173.50637
Acanella_weberi,25.5743,-173.50637
Acanella_weberi,25.5743,-173.50637
Acanella_weberi,25.5743,-173.50637
Acanella_weberi,16.13898,-167.851
Acanella_weberi,25.5743,-173.50637
Acanella_weberi,16.13928,-167.85188
Acanella_weberi,25.5743,-173.50637
Acanella_weberi,16.13903,-167.85106
Acanella_weberi,25.5743,-173.50637
Acanella_weberi,25.5743,-173.50637
Acanella_weberi,25.5743,-173.50637
Acanella_weberi,16.13978,-167.85222
Acanella_weberi,25.5743,-173.50637
Acanella_weberi,16.13927,-167.85184
Acanella_sp,12.85535,144.30624
Acanella_weberi,16.13901,-167.85095
Acanella_weberi,25.5743,-173.50637
Acanella_weberi,25.5743,-173.50637
Acanella_weberi,25.5743,-173.50637
Acanella_weberi,25.5743,-173.50637
Acanella_weberi,25.5743,-173.50637
Acanella_weberi,16.13908,-167.85094
Acanella_weberi,25.5743,-173.50637
Acanella_weberi,25.5743,-173.50637
Acanella_weberi,18.11647,-169.00093
Acanella_weberi,25.5743,-173.50637
Acanella_weberi,18.11672,-169.00111
Acanella_weberi,16.13986,-167.85255
Acanella_weberi,25.5743,-173.50637
Acanella_weberi,16.1395,-167.85222
Acanella_weberi,25.5743,-173.50637
Acanella_weberi,16.13987,-167.85257
Acanella_weberi,18.11667,-169.00145
Acanella_weberi,25.5743,-173.50637
Acanella_weberi,25.5743,-173.50637
Acanella_weberi,25.5743,-173.50637
Acanella_weberi,16.13893,-167.8509
Acanella_weberi,18.11676,-169.00137
Acanella_weberi,16.13923,-167.85178
Acanella_weberi,25.5743,-173.50637
Acanella_weberi,18.11687,-169.00111
Acanella_weberi,16.13898,-167.85095
Acanella_weberi,18.11685,-169.00114
Acanella_weberi,25.8207,-173.45538
Acanella_weberi,25.5743,-173.50637
Acanella_weberi,18.1168,-169.0011
Acanella_weberi,25.5743,-173.50637
Acanella_weberi,25.5743,-173.50637
Acanella_weberi,25.8207,-173.45538
Acanella_weberi,16.13891,-167.8509
Acanella_weberi,16.1392,-167.85155
Acanella_weberi,25.5743,-173.50637
Acanella_weberi,25.5743,-173.50637
Acanella_weberi,25.5743,-173.50637
Acanella_weberi,18.11671,-169.00114
Acanella_weberi,25.5743,-173.50637
Acanella_weberi,16.13923,-167.85167
Acanella_weberi,18.1167,-169.00111
Acanella_weberi,18.11664,-169.00104
Acanella_weberi,25.5743,-173.50637
Acanella_weberi,16.1389,-167.8508
Acanella_weberi,25.5743,-173.50637
Acanella_weberi,18.11666,-169.00114
Acanella_weberi,25.5743,-173.50637
Acanella_weberi,16.13922,-167.85167
Acanella_weberi,25.5743,-173.50637
Acanella_weberi,18.11664,-169.00116
Acanella_weberi,25.5743,-173.50637
Acanella_weberi,25.5743,-173.50637
Acanella_weberi,18.11671,-169.0011
Acanella_weberi,25.5743,-173.50637
Acanella_weberi,25.5743,-173.50637
Acanella_weberi,25.5743,-173.50637
Acanella_weberi,25.5743,-173.50637
Acanella_weberi,16.13888,-167.85071
Acanella_weberi,16.13888,-167.85071
Acanella_weberi,25.5743,-173.50637
Acanella_weberi,18.11669,-169.0011
Acanella_weberi,25.5743,-173.50637
Acanella_weberi,25.5743,-173.50637
Acanella_weberi,16.13921,-167.85147
Acanella_weberi,16.13925,-167.85161
Acanella_weberi,25.5743,-173.50637
Acanella_weberi,25.5743,-173.50637
Acanella_weberi,25.5743,-173.50637
Acanella_weberi,18.11664,-169.00092
Acanella_weberi,25.5743,-173.50637
Acanella_weberi,16.13878,-167.85085
Acanella_weberi,25.5743,-173.50637
Acanella_weberi,25.5743,-173.50637
Acanella_weberi,16.13877,-167.85066
Acanella_weberi,25.5743,-173.50637
Acanella_weberi,16.13877,-167.85066
Acanella_weberi,25.5743,-173.50637
Acanella_weberi,18.11677,-169.00114
Acanella_weberi,25.5743,-173.50637
Acanella_weberi,18.1167,-169.00108
Acanella_weberi,16.1392,-167.85155
Acanella_weberi,16.13918,-167.85158
Acanella_weberi,18.1167,-169.00108
Acanella_weberi,25.5743,-173.50637
Acanella_weberi,18.11664,-169.00092
Acanella_weberi,25.5743,-173.50637
Acanella_weberi,18.11671,-169.00117
Acanella_weberi,18.11668,-169.00114
Acanella_weberi,25.5743,-173.50637
Acanella_weberi,16.13922,-167.8516
Acanella_weberi,25.5743,-173.50637
Acanella_weberi,25.5743,-173.50637
Acanella_weberi,25.5743,-173.50637
Acanella_weberi,18.11663,-169.00105
Acanella_sp,16.13857,-167.8506
Acanella_weberi,25.5743,-173.50637
Acanella_weberi,25.5743,-173.50637
Acanella_weberi,18.11662,-169.00099
Acanella_weberi,25.5743,-173.50637
Acanella_weberi,25.5743,-173.50637
Acanella_weberi,16.1386,-167.85066
Acanella_weberi,18.1166,-169.00102
Acanella_weberi,16.13915,-167.85155
Acanella_weberi,25.5743,-173.50637
Acanella_weberi,25.5743,-173.50637
Acanella_weberi,25.5743,-173.50637
Acanella_weberi,18.11645,-169.0009
Acanella_weberi,18.11658,-169.00078
Acanella_weberi,16.1386,-167.85059
Acanella_weberi,18.11665,-169.00092
Acanella_weberi,18.11664,-169.0007
Acanella_weberi,15.63633,-169.48845
Acanella_weberi,16.13858,-167.85057
Acanella_sp,16.13857,-167.85057
Acanella_weberi,18.11634,-169.0008
Acanella_sp,16.13856,-167.85054
Acanella_weberi,18.11645,-169.00064
Acanella_sp,16.13858,-167.85054
Acanella_weberi,18.11658,-169.00066
Acanella_weberi,18.11651,-169.00069
Acanella_weberi,16.13859,-167.8505
Acanella_sp,16.1386,-167.85046
Acanella_sp,12.85606,144.3062
Acanella_weberi,16.1386,-167.85045
Acanella_weberi,16.13925,-167.85187
Acanella_weberi,16.13988,-167.8528
Acanella_weberi,16.13863,-167.85054
Acanella_sp,16.13845,-167.85045
Acanella_sp,16.13845,-167.85045
Acanella_weberi,16.13846,-167.85045
Acanella_sp,16.13847,-167.85045
Acanella_weberi,16.13855,-167.85042
Acanella_weberi,16.13931,-167.85211
Acanella_sp,16.13903,-167.8506
Acanella_sp,16.13903,-167.85056
Acanella_weberi,16.13988,-167.85266
Acanella_sp,16.13912,-167.85052
Acanella_sp,16.13918,-167.85051
Acanella_weberi,16.13911,-167.85046
Acanella_weberi,16.13932,-167.85193
Acanella_weberi,16.13922,-167.85155
Acanella_sp,16.53944,-168.20819
Acanella_weberi,16.13982,-167.85254
Acanella_weberi,25.70297,-171.45413
Acanella_weberi,25.70297,-171.45413
Acanella_sp,12.85631,144.30614
Acanella_weberi,25.70297,-171.45413
Acanella_sp,12.85721,144.3059
Acanella_weberi,25.70297,-171.45413
Acanella_weberi,16.13995,-167.85298
Acanella_sp,12.85724,144.30595
Acanella_weberi,16.14022,-167.85349
Acanella_sp,12.86033,144.30397
Acanella_weberi,25.70297,-171.45413
Acanella_sp,12.85716,144.30592
Acanella_weberi,16.14029,-167.8535
Acanella_weberi,16.14037,-167.85376
Acanella_weberi,16.14033,-167.85362
Acanella_weberi,16.13999,-167.85286
Acanella_weberi,16.13994,-167.85298
Acanella_weberi,25.88088,-167.78131
Acanella_weberi,25.70297,-171.45413
Acanella_weberi,16.14023,-167.85347
Acanella_weberi,16.14027,-167.85349
Acanella_weberi,25.5615,-173.50638
Acanella_sp,16.14023,-167.85345
Acanella_weberi,16.14012,-167.85333
Acanella_weberi,16.14027,-167.85344
Acanella_weberi,25.5615,-173.50638
Acanella_weberi,16.14027,-167.85344
Acanella_weberi,16.13998,-167.85301
Acanella_weberi,25.88172,-167.78107
Acanella_weberi,16.14001,-167.85329
Acanella_weberi,16.14011,-167.85338
Acanella_weberi,16.14008,-167.85333
Acanella_weberi,16.13993,-167.85306
Acanella_weberi,16.14002,-167.85301
Acanella_sp,16.13995,-167.85304
Acanella_sp,16.53964,-168.2086
Acanella_weberi,25.70297,-171.45413
Acanella_weberi,25.70297,-171.45413
Acanella_weberi,25.88177,-167.78099
Acanella_weberi,25.70297,-171.45413
Acanella_weberi,25.70297,-171.45413
Acanella_weberi,25.88106,-167.7812
Acanella_weberi,25.70297,-171.45413
Acanella_weberi,25.88098,-167.78128
Acanella_weberi,25.70297,-171.45413
Acanella_weberi,25.88181,-167.78093
Acanella_weberi,25.5615,-173.50638
Acanella_weberi,25.88177,-167.78094
Acanella_weberi,25.70297,-171.45413
Acanella_weberi,25.5615,-173.50638
Acanella_weberi,25.70297,-171.45413
Acanella_weberi,25.70297,-171.45413
Acanella_weberi,25.88169,-167.78114
Acanella_weberi,25.70297,-171.45413
Acanella_weberi,25.88091,-167.78166
Acanella_weberi,25.70297,-171.45413
Acanella_weberi,25.5615,-173.50638
Acanella_weberi,25.70297,-171.45413
Acanella_weberi,25.5615,-173.50638
Acanella_weberi,25.70297,-171.45413
Acanella_weberi,25.5615,-173.50638
Acanella_weberi,25.70297,-171.45413
Acanella_weberi,25.70297,-171.45413
Acanella_weberi,25.88191,-167.7808
Acanella_weberi,25.5615,-173.50638
Acanella_weberi,25.70297,-171.45413
Acanella_weberi,25.70297,-171.45413
Acanella_weberi,25.70297,-171.45413
Acanella_weberi,25.70297,-171.45413
Acanella_weberi,25.88091,-167.78133
Acanella_weberi,25.88202,-167.78069
Acanella_weberi,25.70297,-171.45413
Acanella_weberi,25.88195,-167.78079
Acanella_weberi,25.70297,-171.45413
Acanella_weberi,25.5615,-173.50638
Acanella_weberi,25.5615,-173.50638
Acanella_weberi,25.88096,-167.78111
Acanella_weberi,25.70297,-171.45413
Acanella_weberi,25.5615,-173.50638
Acanella_weberi,25.88108,-167.78108
Acanella_weberi,25.88219,-167.78064
Acanella_weberi,25.5615,-173.50638
Acanella_weberi,25.70297,-171.45413
Acanella_weberi,25.88225,-167.78056
Acanella_weberi,25.5615,-173.50638
Acanella_weberi,25.88046,-167.78139
Acanella_weberi,25.70297,-171.45413
Acanella_weberi,25.88221,-167.78052
Acanella_weberi,25.88217,-167.78061
Acanella_weberi,25.5615,-173.50638
Acanella_weberi,25.88105,-167.78102
Acanella_weberi,25.70297,-171.45413
Acanella_weberi,25.70297,-171.45413
Acanella_weberi,25.88218,-167.78049
Acanella_weberi,25.70297,-171.45413
Acanella_weberi,25.88105,-167.78108
Acanella_weberi,25.5615,-173.50638
Acanella_weberi,25.88214,-167.78062
Acanella_weberi,25.88207,-167.78061
Acanella_weberi,25.70297,-171.45413
Acanella_weberi,25.881,-167.78113
Acanella_weberi,25.66767,-171.3718
Acanella_weberi,25.88215,-167.78046
Acanella_weberi,25.5615,-173.50638
Acanella_weberi,25.5615,-173.50638
Acanella_weberi,25.88107,-167.7811
Acanella_weberi,25.88215,-167.78049
Acanella_weberi,25.88108,-167.78105
Acanella_weberi,25.88225,-167.78053
Acanella_weberi,25.5615,-173.50638
Acanella_weberi,25.88108,-167.78107
Acanella_weberi,25.70297,-171.45413
Acanella_weberi,25.5615,-173.50638
Acanella_weberi,25.5615,-173.50638
Acanella_weberi,25.88139,-167.78096
Acanella_weberi,25.8804,-167.78131
Acanella_weberi,25.88244,-167.78032
Acanella_weberi,25.5615,-173.50638
Acanella_weberi,25.66767,-171.3718
Acanella_weberi,25.88046,-167.78131
Acanella_weberi,25.88242,-167.7799
Acanella_weberi,25.66767,-171.3718
Acanella_weberi,25.88292,-167.7798
Acanella_weberi,25.70297,-171.45413
Acanella_weberi,25.88029,-167.78128
Acanella_weberi,25.88042,-167.78125
Acanella_weberi,25.88224,-167.78003
Acanella_weberi,25.66767,-171.3718
Acanella_weberi,25.88225,-167.7801
Acanella_weberi,25.88056,-167.78131
Acanella_weberi,25.66767,-171.3718
Acanella_weberi,25.70297,-171.45413
Acanella_weberi,25.66767,-171.3718
Acanella_weberi,25.70297,-171.45413
Acanella_weberi,25.88248,-167.77985
Acanella_weberi,25.66767,-171.3718
Acanella_weberi,25.66767,-171.3718
Acanella_weberi,25.88248,-167.77985
Acanella_weberi,25.66767,-171.3718
Acanella_weberi,25.88057,-167.78143
Acanella_weberi,25.66767,-171.3718
Acanella_weberi,25.88262,-167.78009
Acanella_weberi,25.66767,-171.3718
Acanella_weberi,25.88043,-167.78143
Acanella_weberi,25.66767,-171.3718
Acanella_weberi,25.70297,-171.45413
Acanella_weberi,25.88067,-167.78137
Acanella_weberi,25.66767,-171.3718
Acanella_weberi,25.88094,-167.7813
Acanella_weberi,25.88274,-167.78004
Acanella_weberi,25.88046,-167.78133
Acanella_weberi,25.66767,-171.3718
Acanella_weberi,25.66767,-171.3718
Acanella_weberi,25.88275,-167.77995
Acanella_weberi,25.66767,-171.3718
Acanella_weberi,25.88058,-167.78139
Acanella_weberi,25.5615,-173.50638
Acanella_weberi,25.66767,-171.3718
Acanella_weberi,25.88274,-167.77986
Acanella_weberi,25.66767,-171.3718
Acanella_weberi,25.5615,-173.50638
Acanella_weberi,25.8805,-167.78145
Acanella_weberi,25.88062,-167.78143
Acanella_weberi,25.70297,-171.45413
Acanella_weberi,25.5615,-173.50638
Acanella_weberi,25.5615,-173.50638
Acanella_weberi,25.88073,-167.78146
Acanella_weberi,25.88278,-167.77982
Acanella_weberi,25.88068,-167.78157
Acanella_weberi,25.88273,-167.7798
Acanella_weberi,25.5615,-173.50638
Acanella_weberi,25.88074,-167.7815
Acanella_weberi,25.66767,-171.3718
Acanella_weberi,25.66767,-171.3718
Acanella_weberi,25.88138,-167.78093
Acanella_weberi,25.88303,-167.77982
Acanella_weberi,25.5615,-173.50638
Acanella_weberi,25.88066,-167.7815
Acanella_weberi,25.70297,-171.45413
Acanella_weberi,25.70297,-171.45413
Acanella_weberi,25.88078,-167.78154
Acanella_weberi,25.88314,-167.77966
Acanella_weberi,25.88072,-167.78143
Acanella_weberi,25.5615,-173.50638
Acanella_weberi,25.88084,-167.78166
Acanella_weberi,25.5615,-173.50638
Acanella_weberi,25.70297,-171.45413
Acanella_weberi,25.88084,-167.78162
Acanella_weberi,25.88336,-167.77966
Acanella_weberi,25.88344,-167.77974
Acanella_weberi,25.88092,-167.78162
Acanella_sp,5.90687,-162.13856
Acanella_sp,5.8593,-162.12431
